,open,high,low,close,adjclose,volume,ticker
2021-01-29,24.899999618530273,25.799999237060547,24.350000381469727,24.799999237060547,21.363666534423828,381938573,IRFC.NS
2021-02-01,25.25,25.399999618530273,24.899999618530273,25.100000381469727,21.622095108032227,72044464,IRFC.NS
2021-02-02,25.450000762939453,25.450000762939453,24.700000762939453,24.75,21.320592880249023,36735442,IRFC.NS
2021-02-03,24.799999237060547,24.899999618530273,24.049999237060547,24.25,20.889873504638672,45816269,IRFC.NS
2021-02-04,24.25,25.799999237060547,23.850000381469727,25.350000381469727,21.83745765686035,88486029,IRFC.NS
2021-02-05,25.600000381469727,26.200000762939453,25.549999237060547,25.700000762939453,22.138961791992188,56318695,IRFC.NS
2021-02-08,25.899999618530273,25.950000762939453,25.600000381469727,25.75,22.182029724121094,28324374,IRFC.NS
2021-02-09,25.75,25.799999237060547,25.200000762939453,25.299999237060547,21.794384002685547,25243532,IRFC.NS
2021-02-10,25.399999618530273,25.799999237060547,25.0,25.399999618530273,21.88052749633789,33132159,IRFC.NS
2021-02-11,25.399999618530273,25.649999618530273,25.25,25.399999618530273,21.88052749633789,13586295,IRFC.NS
2021-02-12,25.5,25.549999237060547,25.299999237060547,25.399999618530273,21.88052749633789,15658220,IRFC.NS
2021-02-15,26.200000762939453,26.200000762939453,25.649999618530273,25.75,22.182029724121094,45629832,IRFC.NS
2021-02-16,25.899999618530273,26.0,25.799999237060547,25.899999618530273,22.311246871948242,34557518,IRFC.NS
2021-02-17,25.299999237060547,25.600000381469727,24.899999618530273,25.299999237060547,22.715272903442383,28638408,IRFC.NS
2021-02-18,25.450000762939453,25.799999237060547,25.399999618530273,25.649999618530273,23.029516220092773,21022422,IRFC.NS
2021-02-19,25.649999618530273,25.700000762939453,25.200000762939453,25.350000381469727,22.76016616821289,14542153,IRFC.NS
2021-02-22,25.299999237060547,25.399999618530273,24.950000762939453,25.0,22.4459228515625,16652770,IRFC.NS
2021-02-23,25.0,25.149999618530273,24.899999618530273,24.950000762939453,22.401031494140625,13021961,IRFC.NS
2021-02-24,24.899999618530273,25.200000762939453,24.850000381469727,24.899999618530273,22.356138229370117,10958830,IRFC.NS
2021-02-25,24.950000762939453,25.200000762939453,24.899999618530273,24.950000762939453,22.401031494140625,22761296,IRFC.NS
2021-02-26,24.850000381469727,24.950000762939453,24.5,24.649999618530273,22.131677627563477,36424500,IRFC.NS
2021-03-01,24.649999618530273,26.700000762939453,24.649999618530273,25.899999618530273,23.25397491455078,93579588,IRFC.NS
2021-03-02,26.100000381469727,26.299999237060547,25.450000762939453,25.649999618530273,23.029516220092773,48494934,IRFC.NS
2021-03-03,25.799999237060547,25.950000762939453,25.450000762939453,25.5,22.894838333129883,18806435,IRFC.NS
2021-03-04,25.25,25.700000762939453,25.25,25.399999618530273,22.805055618286133,21742960,IRFC.NS
2021-03-05,25.399999618530273,25.549999237060547,24.799999237060547,24.950000762939453,22.401031494140625,25255199,IRFC.NS
2021-03-08,25.100000381469727,25.25,24.799999237060547,24.850000381469727,22.311248779296875,16353985,IRFC.NS
2021-03-09,24.950000762939453,25.5,24.799999237060547,24.950000762939453,22.401031494140625,21380757,IRFC.NS
2021-03-10,25.0,25.100000381469727,24.850000381469727,24.850000381469727,22.311248779296875,11360743,IRFC.NS
2021-03-12,24.899999618530273,25.049999237060547,24.799999237060547,24.850000381469727,22.311248779296875,17086939,IRFC.NS
2021-03-15,24.899999618530273,24.950000762939453,24.5,24.649999618530273,22.131677627563477,17382950,IRFC.NS
2021-03-16,24.649999618530273,24.799999237060547,24.5,24.549999237060547,22.041894912719727,9649363,IRFC.NS
2021-03-17,24.549999237060547,24.600000381469727,24.100000381469727,24.149999618530273,21.68276023864746,14312130,IRFC.NS
2021-03-18,24.200000762939453,24.600000381469727,23.899999618530273,24.049999237060547,21.59297752380371,16168159,IRFC.NS
2021-03-19,24.0,24.100000381469727,23.5,23.950000762939453,21.503192901611328,15260549,IRFC.NS
2021-03-22,24.0,24.5,23.850000381469727,23.899999618530273,21.458301544189453,13817385,IRFC.NS
2021-03-23,23.899999618530273,24.100000381469727,23.75,23.799999237060547,21.368518829345703,13742805,IRFC.NS
2021-03-24,23.799999237060547,23.899999618530273,23.399999618530273,23.450000762939453,21.054275512695312,16788250,IRFC.NS
2021-03-25,23.450000762939453,23.549999237060547,22.899999618530273,22.950000762939453,20.605356216430664,19233029,IRFC.NS
2021-03-26,23.200000762939453,23.299999237060547,22.899999618530273,23.049999237060547,20.695138931274414,16323314,IRFC.NS
2021-03-30,23.149999618530273,23.299999237060547,22.899999618530273,22.950000762939453,20.605356216430664,14301425,IRFC.NS
2021-03-31,22.950000762939453,23.100000381469727,22.899999618530273,22.899999618530273,20.560462951660156,11770453,IRFC.NS
2021-04-01,23.0,23.200000762939453,22.700000762939453,22.850000381469727,20.515573501586914,18367745,IRFC.NS
2021-04-05,22.850000381469727,22.899999618530273,22.299999237060547,22.5,20.201330184936523,20106460,IRFC.NS
2021-04-06,22.5,22.5,21.899999618530273,22.0,19.752410888671875,25085603,IRFC.NS
2021-04-07,22.0,22.299999237060547,21.899999618530273,22.149999618530273,19.887086868286133,14507382,IRFC.NS
2021-04-08,22.100000381469727,22.350000381469727,21.899999618530273,21.950000762939453,19.70751953125,18025782,IRFC.NS
2021-04-09,22.0,22.049999237060547,21.899999618530273,21.950000762939453,19.70751953125,16396258,IRFC.NS
2021-04-12,21.850000381469727,21.850000381469727,20.799999237060547,20.850000381469727,18.719900131225586,25942981,IRFC.NS
2021-04-13,20.850000381469727,21.5,20.799999237060547,21.450000762939453,19.258602142333984,14831755,IRFC.NS
2021-04-15,21.299999237060547,21.350000381469727,20.899999618530273,21.100000381469727,18.944358825683594,18166238,IRFC.NS
2021-04-16,21.25,22.0,21.049999237060547,21.75,19.527952194213867,22174311,IRFC.NS
2021-04-19,21.200000762939453,21.350000381469727,20.899999618530273,21.149999618530273,18.98925018310547,10477070,IRFC.NS
2021-04-20,21.149999618530273,21.649999618530273,21.100000381469727,21.25,19.07903480529785,12199610,IRFC.NS
2021-04-22,21.149999618530273,21.299999237060547,21.0,21.049999237060547,18.899465560913086,8974995,IRFC.NS
2021-04-23,21.100000381469727,21.5,21.0,21.100000381469727,18.944358825683594,15602661,IRFC.NS
2021-04-26,21.100000381469727,21.350000381469727,20.950000762939453,21.0,18.85457420349121,12051423,IRFC.NS
2021-04-27,21.100000381469727,21.5,21.049999237060547,21.200000762939453,19.03414535522461,14181276,IRFC.NS
2021-04-28,21.299999237060547,21.350000381469727,21.100000381469727,21.149999618530273,18.98925018310547,14514238,IRFC.NS
2021-04-29,21.299999237060547,21.299999237060547,21.100000381469727,21.149999618530273,18.98925018310547,9521946,IRFC.NS
2021-04-30,21.049999237060547,21.399999618530273,21.0,21.299999237060547,19.123926162719727,11713860,IRFC.NS
2021-05-03,21.149999618530273,21.25,20.950000762939453,21.049999237060547,18.899465560913086,17512189,IRFC.NS
2021-05-04,21.149999618530273,21.149999618530273,20.899999618530273,20.950000762939453,18.809682846069336,26418223,IRFC.NS
2021-05-05,21.0,21.200000762939453,20.950000762939453,21.0,18.85457420349121,9381211,IRFC.NS
2021-05-06,21.100000381469727,21.149999618530273,21.0,21.100000381469727,18.944358825683594,7525053,IRFC.NS
2021-05-07,21.100000381469727,21.149999618530273,21.0,21.100000381469727,18.944358825683594,8322642,IRFC.NS
2021-05-10,21.149999618530273,22.700000762939453,21.100000381469727,22.549999237060547,20.2462215423584,51346170,IRFC.NS
2021-05-11,22.350000381469727,23.100000381469727,22.200000762939453,22.950000762939453,20.605356216430664,33120701,IRFC.NS
2021-05-12,23.0,23.799999237060547,23.0,23.399999618530273,21.009382247924805,34159626,IRFC.NS
2021-05-14,23.700000762939453,23.850000381469727,23.0,23.049999237060547,20.695138931274414,18230175,IRFC.NS
2021-05-17,23.149999618530273,23.450000762939453,23.0,23.049999237060547,20.695138931274414,13816130,IRFC.NS
2021-05-18,23.25,23.25,22.899999618530273,23.100000381469727,20.740032196044922,9997457,IRFC.NS
2021-05-19,23.100000381469727,23.549999237060547,23.049999237060547,23.100000381469727,20.740032196044922,19146895,IRFC.NS
2021-05-20,23.200000762939453,23.649999618530273,22.950000762939453,23.100000381469727,20.740032196044922,21995952,IRFC.NS
2021-05-21,23.200000762939453,23.399999618530273,23.149999618530273,23.350000381469727,20.964492797851562,14712804,IRFC.NS
2021-05-24,23.850000381469727,24.149999618530273,23.700000762939453,24.0,21.54808807373047,32823856,IRFC.NS
2021-05-25,24.200000762939453,24.25,23.850000381469727,23.950000762939453,21.503192901611328,15738661,IRFC.NS
2021-05-26,24.100000381469727,24.100000381469727,23.799999237060547,23.850000381469727,21.41341209411621,10671045,IRFC.NS
2021-05-27,23.850000381469727,23.950000762939453,23.549999237060547,23.649999618530273,21.233842849731445,10133530,IRFC.NS
2021-05-28,23.649999618530273,23.75,23.299999237060547,23.450000762939453,21.054275512695312,10532654,IRFC.NS
2021-05-31,23.450000762939453,23.950000762939453,23.350000381469727,23.75,21.323625564575195,19396582,IRFC.NS
2021-06-01,23.799999237060547,23.899999618530273,23.5,23.600000381469727,21.188949584960938,11780039,IRFC.NS
2021-06-02,23.549999237060547,24.0,23.450000762939453,23.5,21.099166870117188,12961145,IRFC.NS
2021-06-03,23.600000381469727,23.700000762939453,23.549999237060547,23.600000381469727,21.188949584960938,10748652,IRFC.NS
2021-06-04,23.549999237060547,23.950000762939453,23.450000762939453,23.700000762939453,21.278736114501953,21328589,IRFC.NS
2021-06-07,24.0,24.850000381469727,23.899999618530273,24.700000762939453,22.176572799682617,42832019,IRFC.NS
2021-06-08,24.950000762939453,25.0,24.399999618530273,24.75,22.22146224975586,25856634,IRFC.NS
2021-06-09,24.850000381469727,24.950000762939453,24.200000762939453,24.299999237060547,21.817434310913086,28032813,IRFC.NS
2021-06-10,24.5,24.700000762939453,24.299999237060547,24.5,21.99700355529785,17127778,IRFC.NS
2021-06-11,24.600000381469727,24.75,24.350000381469727,24.450000762939453,21.952110290527344,15835535,IRFC.NS
2021-06-14,24.700000762939453,24.799999237060547,24.200000762939453,24.700000762939453,22.176572799682617,18111116,IRFC.NS
2021-06-15,25.0,25.600000381469727,24.799999237060547,25.200000762939453,22.625492095947266,54064001,IRFC.NS
2021-06-16,25.299999237060547,25.5,24.850000381469727,24.950000762939453,22.401031494140625,27411596,IRFC.NS
2021-06-17,24.899999618530273,25.25,24.549999237060547,24.700000762939453,22.176572799682617,24326370,IRFC.NS
2021-06-18,25.0,25.200000762939453,24.200000762939453,24.549999237060547,22.041894912719727,78058672,IRFC.NS
2021-06-21,24.5,24.950000762939453,24.299999237060547,24.899999618530273,22.356138229370117,14319848,IRFC.NS
2021-06-22,25.200000762939453,25.299999237060547,24.899999618530273,24.950000762939453,22.401031494140625,19440926,IRFC.NS
2021-06-23,25.100000381469727,25.100000381469727,24.700000762939453,24.850000381469727,22.311248779296875,13104410,IRFC.NS
2021-06-24,24.950000762939453,25.0,24.649999618530273,24.700000762939453,22.176572799682617,8410959,IRFC.NS
2021-06-25,24.700000762939453,24.850000381469727,24.600000381469727,24.700000762939453,22.176572799682617,8120462,IRFC.NS
2021-06-28,25.0,25.100000381469727,24.700000762939453,24.75,22.22146224975586,14044388,IRFC.NS
2021-06-29,24.899999618530273,26.450000762939453,24.700000762939453,25.299999237060547,22.715272903442383,100006129,IRFC.NS
2021-06-30,25.399999618530273,25.450000762939453,24.600000381469727,24.850000381469727,22.311248779296875,34846415,IRFC.NS
2021-07-01,24.950000762939453,25.0,24.200000762939453,24.25,21.77254295349121,23822346,IRFC.NS
2021-07-02,24.450000762939453,24.600000381469727,24.25,24.350000381469727,21.862329483032227,14428073,IRFC.NS
2021-07-05,24.5,24.649999618530273,24.25,24.350000381469727,21.862329483032227,20315538,IRFC.NS
2021-07-06,24.350000381469727,24.5,23.75,24.049999237060547,21.59297752380371,17324102,IRFC.NS
2021-07-07,23.850000381469727,24.350000381469727,23.649999618530273,23.799999237060547,21.368518829345703,16098633,IRFC.NS
2021-07-08,23.850000381469727,24.200000762939453,23.700000762939453,23.799999237060547,21.368518829345703,14740358,IRFC.NS
2021-07-09,23.850000381469727,23.899999618530273,23.649999618530273,23.700000762939453,21.278736114501953,8652360,IRFC.NS
2021-07-12,23.950000762939453,24.0,23.649999618530273,23.850000381469727,21.41341209411621,13596595,IRFC.NS
2021-07-13,23.950000762939453,24.049999237060547,23.700000762939453,23.700000762939453,21.278736114501953,13753544,IRFC.NS
2021-07-14,23.799999237060547,23.850000381469727,23.450000762939453,23.5,21.099166870117188,15287631,IRFC.NS
2021-07-15,23.549999237060547,23.600000381469727,23.200000762939453,23.200000762939453,20.829816818237305,13068468,IRFC.NS
2021-07-16,23.350000381469727,23.549999237060547,23.25,23.299999237060547,20.919599533081055,16212009,IRFC.NS
2021-07-19,23.25,23.450000762939453,23.149999618530273,23.350000381469727,20.964492797851562,9181862,IRFC.NS
2021-07-20,23.350000381469727,23.450000762939453,23.200000762939453,23.25,20.874706268310547,7502994,IRFC.NS
2021-07-22,23.399999618530273,23.649999618530273,23.299999237060547,23.549999237060547,21.144058227539062,9446372,IRFC.NS
2021-07-23,23.600000381469727,23.600000381469727,23.25,23.299999237060547,20.919599533081055,6701681,IRFC.NS
2021-07-26,23.25,23.399999618530273,23.200000762939453,23.25,20.874706268310547,7567068,IRFC.NS
2021-07-27,23.25,23.350000381469727,23.0,23.100000381469727,20.740032196044922,8964578,IRFC.NS
2021-07-28,23.049999237060547,23.100000381469727,22.850000381469727,23.0,20.65024757385254,8776723,IRFC.NS
2021-07-29,23.0,23.100000381469727,22.850000381469727,22.850000381469727,20.515573501586914,6718597,IRFC.NS
2021-07-30,22.950000762939453,23.200000762939453,22.850000381469727,23.0,20.65024757385254,7024120,IRFC.NS
2021-08-02,23.149999618530273,23.799999237060547,23.100000381469727,23.299999237060547,20.919599533081055,18872464,IRFC.NS
2021-08-03,23.350000381469727,23.75,23.25,23.549999237060547,21.144058227539062,11062324,IRFC.NS
2021-08-04,23.649999618530273,23.700000762939453,23.200000762939453,23.600000381469727,21.188949584960938,15813294,IRFC.NS
2021-08-05,23.600000381469727,23.799999237060547,23.200000762939453,23.649999618530273,21.233842849731445,10469724,IRFC.NS
2021-08-06,23.5,23.600000381469727,23.299999237060547,23.549999237060547,21.144058227539062,8223906,IRFC.NS
2021-08-09,23.549999237060547,23.649999618530273,23.350000381469727,23.549999237060547,21.144058227539062,7670837,IRFC.NS
2021-08-10,23.549999237060547,23.549999237060547,23.0,23.049999237060547,20.695138931274414,7343285,IRFC.NS
2021-08-11,23.049999237060547,23.200000762939453,22.799999237060547,23.049999237060547,20.695138931274414,8655301,IRFC.NS
2021-08-12,23.149999618530273,24.100000381469727,23.049999237060547,23.950000762939453,21.503192901611328,13674855,IRFC.NS
2021-08-13,24.0,24.149999618530273,23.700000762939453,23.799999237060547,21.368518829345703,9734894,IRFC.NS
2021-08-16,24.25,24.25,23.649999618530273,23.75,21.323625564575195,9160653,IRFC.NS
2021-08-17,23.75,23.75,23.25,23.350000381469727,20.964492797851562,7973831,IRFC.NS
2021-08-18,23.350000381469727,23.899999618530273,23.100000381469727,23.450000762939453,21.054275512695312,7908641,IRFC.NS
2021-08-20,23.299999237060547,23.350000381469727,22.950000762939453,23.0,20.65024757385254,9048947,IRFC.NS
2021-08-23,23.149999618530273,23.299999237060547,22.549999237060547,22.75,20.42578887939453,9143940,IRFC.NS
2021-08-24,22.600000381469727,23.049999237060547,22.600000381469727,22.950000762939453,20.605356216430664,8233304,IRFC.NS
2021-08-25,23.0,23.25,23.0,23.049999237060547,20.695138931274414,3960870,IRFC.NS
2021-08-26,23.100000381469727,23.200000762939453,22.850000381469727,22.899999618530273,20.560462951660156,4388277,IRFC.NS
2021-08-27,22.850000381469727,23.0,22.75,22.850000381469727,20.515573501586914,6665003,IRFC.NS
2021-08-30,22.899999618530273,23.149999618530273,22.899999618530273,23.0,20.65024757385254,6514245,IRFC.NS
2021-08-31,23.0,23.350000381469727,22.850000381469727,22.950000762939453,20.605356216430664,12755814,IRFC.NS
2021-09-01,23.049999237060547,23.149999618530273,22.950000762939453,23.049999237060547,20.695138931274414,5746286,IRFC.NS
2021-09-02,23.100000381469727,23.149999618530273,22.950000762939453,23.0,20.65024757385254,4622547,IRFC.NS
2021-09-03,23.0,23.149999618530273,23.0,23.049999237060547,20.695138931274414,4485349,IRFC.NS
2021-09-06,23.100000381469727,23.149999618530273,23.0,23.049999237060547,20.695138931274414,3775722,IRFC.NS
2021-09-07,23.100000381469727,23.149999618530273,22.950000762939453,23.0,20.65024757385254,5302631,IRFC.NS
2021-09-08,23.049999237060547,23.149999618530273,23.0,23.0,20.65024757385254,3914433,IRFC.NS
2021-09-09,23.049999237060547,23.100000381469727,23.0,23.049999237060547,20.695138931274414,3847580,IRFC.NS
2021-09-13,23.100000381469727,23.149999618530273,22.899999618530273,22.950000762939453,20.605356216430664,8635952,IRFC.NS
2021-09-14,23.100000381469727,23.100000381469727,22.899999618530273,22.950000762939453,20.605356216430664,11404677,IRFC.NS
2021-09-15,22.950000762939453,23.0,22.799999237060547,22.850000381469727,20.515573501586914,17256868,IRFC.NS
2021-09-16,22.899999618530273,22.950000762939453,22.700000762939453,22.799999237060547,20.470680236816406,22286215,IRFC.NS
2021-09-17,22.899999618530273,22.950000762939453,22.700000762939453,22.799999237060547,20.470680236816406,24880477,IRFC.NS
2021-09-20,22.75,22.899999618530273,22.600000381469727,22.649999618530273,20.33600616455078,10239638,IRFC.NS
2021-09-21,22.700000762939453,22.75,22.350000381469727,22.399999618530273,20.11154556274414,10140120,IRFC.NS
2021-09-22,22.450000762939453,22.600000381469727,22.299999237060547,22.350000381469727,20.066654205322266,9723023,IRFC.NS
2021-09-23,22.450000762939453,22.5,22.350000381469727,22.399999618530273,20.11154556274414,8459264,IRFC.NS
2021-09-24,22.450000762939453,22.549999237060547,22.25,22.299999237060547,20.02176284790039,10388205,IRFC.NS
2021-09-27,22.399999618530273,22.5,22.350000381469727,22.450000762939453,20.15643882751465,8668665,IRFC.NS
2021-09-28,22.399999618530273,22.5,22.299999237060547,22.350000381469727,20.066654205322266,11350575,IRFC.NS
2021-09-29,22.5,22.899999618530273,22.350000381469727,22.649999618530273,20.33600616455078,22206444,IRFC.NS
2021-09-30,22.899999618530273,23.049999237060547,22.700000762939453,22.850000381469727,20.515573501586914,14638191,IRFC.NS
2021-10-01,22.850000381469727,24.0,22.75,23.899999618530273,21.458301544189453,35110359,IRFC.NS
2021-10-04,24.200000762939453,24.549999237060547,23.799999237060547,23.850000381469727,21.41341209411621,28542026,IRFC.NS
2021-10-05,23.799999237060547,23.950000762939453,23.549999237060547,23.600000381469727,21.188949584960938,13352924,IRFC.NS
2021-10-06,23.600000381469727,24.200000762939453,23.549999237060547,23.649999618530273,21.233842849731445,40508684,IRFC.NS
2021-10-07,23.850000381469727,23.899999618530273,23.5,23.549999237060547,21.144058227539062,9134428,IRFC.NS
2021-10-08,23.649999618530273,23.799999237060547,23.549999237060547,23.600000381469727,21.188949584960938,7914906,IRFC.NS
2021-10-11,23.75,23.799999237060547,23.549999237060547,23.549999237060547,21.144058227539062,7353291,IRFC.NS
2021-10-12,23.549999237060547,23.649999618530273,23.399999618530273,23.450000762939453,21.054275512695312,8386488,IRFC.NS
2021-10-13,23.5,24.100000381469727,23.399999618530273,23.649999618530273,21.233842849731445,13948613,IRFC.NS
2021-10-14,23.700000762939453,23.850000381469727,23.600000381469727,23.600000381469727,21.188949584960938,12702200,IRFC.NS
2021-10-18,23.799999237060547,24.75,23.700000762939453,24.350000381469727,21.862329483032227,43875005,IRFC.NS
2021-10-19,24.450000762939453,24.600000381469727,23.649999618530273,23.850000381469727,21.41341209411621,23602125,IRFC.NS
2021-10-20,23.899999618530273,23.950000762939453,23.399999618530273,23.549999237060547,21.144058227539062,12927201,IRFC.NS
2021-10-21,23.649999618530273,24.350000381469727,23.600000381469727,24.200000762939453,21.72765350341797,25331808,IRFC.NS
2021-10-22,24.399999618530273,26.149999618530273,24.149999618530273,25.799999237060547,23.1641902923584,115092468,IRFC.NS
2021-10-25,26.200000762939453,26.399999618530273,24.600000381469727,24.950000762939453,22.401031494140625,53319421,IRFC.NS
2021-10-26,25.0,25.399999618530273,24.600000381469727,24.899999618530273,22.356138229370117,24445799,IRFC.NS
2021-10-27,25.0,25.299999237060547,24.799999237060547,24.850000381469727,22.311248779296875,18162921,IRFC.NS
2021-10-28,24.850000381469727,24.950000762939453,24.049999237060547,24.149999618530273,21.68276023864746,17364266,IRFC.NS
2021-10-29,23.850000381469727,24.350000381469727,23.25,24.200000762939453,21.72765350341797,16105471,IRFC.NS
2021-11-01,24.600000381469727,25.299999237060547,24.5,24.600000381469727,22.0867862701416,22482750,IRFC.NS
2021-11-02,24.799999237060547,24.850000381469727,24.450000762939453,24.549999237060547,22.041894912719727,12204586,IRFC.NS
2021-11-03,24.700000762939453,25.200000762939453,24.549999237060547,25.049999237060547,22.490814208984375,19662155,IRFC.NS
2021-11-04,25.299999237060547,25.5,25.200000762939453,25.299999237060547,22.715272903442383,9910868,IRFC.NS
2021-11-08,25.5,25.649999618530273,25.049999237060547,25.399999618530273,22.805055618286133,22364054,IRFC.NS
2021-11-09,25.700000762939453,26.0,25.350000381469727,25.850000381469727,23.209083557128906,27949534,IRFC.NS
2021-11-10,25.149999618530273,25.25,24.700000762939453,24.799999237060547,22.949970245361328,18408557,IRFC.NS
2021-11-11,24.75,24.799999237060547,24.549999237060547,24.549999237060547,22.71862030029297,9087058,IRFC.NS
2021-11-12,24.549999237060547,24.649999618530273,24.200000762939453,24.399999618530273,22.579809188842773,9367045,IRFC.NS
2021-11-15,24.700000762939453,24.75,24.200000762939453,24.299999237060547,22.48727035522461,7472234,IRFC.NS
2021-11-16,24.399999618530273,24.399999618530273,24.200000762939453,24.25,22.44099998474121,4493317,IRFC.NS
2021-11-17,24.149999618530273,24.25,23.950000762939453,24.0,22.20965003967285,7206748,IRFC.NS
2021-11-18,23.950000762939453,24.049999237060547,23.549999237060547,23.549999237060547,21.7932186126709,12290674,IRFC.NS
2021-11-22,23.5,24.0,23.350000381469727,23.75,21.97829818725586,15144944,IRFC.NS
2021-11-23,23.799999237060547,24.0,23.5,23.850000381469727,22.07084083557129,7176938,IRFC.NS
2021-11-24,23.950000762939453,24.0,23.700000762939453,23.75,21.97829818725586,5884980,IRFC.NS
2021-11-25,23.75,23.799999237060547,23.549999237060547,23.700000762939453,21.932029724121094,5125837,IRFC.NS
2021-11-26,23.5,23.700000762939453,23.299999237060547,23.350000381469727,21.608139038085938,7209870,IRFC.NS
2021-11-29,23.149999618530273,23.899999618530273,22.700000762939453,23.149999618530273,21.423057556152344,26736896,IRFC.NS
2021-11-30,23.149999618530273,23.600000381469727,23.149999618530273,23.25,21.51559829711914,4271236,IRFC.NS
2021-12-01,23.399999618530273,23.450000762939453,23.100000381469727,23.149999618530273,21.423057556152344,5898569,IRFC.NS
2021-12-02,23.350000381469727,23.350000381469727,23.100000381469727,23.25,21.51559829711914,4187212,IRFC.NS
2021-12-03,23.200000762939453,23.75,23.200000762939453,23.399999618530273,21.654407501220703,5631044,IRFC.NS
2021-12-06,23.5,23.549999237060547,23.200000762939453,23.299999237060547,21.561866760253906,5983533,IRFC.NS
2021-12-07,23.5,23.600000381469727,23.100000381469727,23.200000762939453,21.469329833984375,6328241,IRFC.NS
2021-12-08,23.350000381469727,23.5,23.25,23.399999618530273,21.654407501220703,4939244,IRFC.NS
2021-12-09,23.549999237060547,23.799999237060547,23.350000381469727,23.600000381469727,21.839488983154297,5503212,IRFC.NS
2021-12-10,23.600000381469727,23.799999237060547,23.549999237060547,23.700000762939453,21.932029724121094,5319317,IRFC.NS
2021-12-13,23.899999618530273,23.899999618530273,23.549999237060547,23.600000381469727,21.839488983154297,4212726,IRFC.NS
2021-12-14,23.399999618530273,23.649999618530273,23.399999618530273,23.450000762939453,21.7006778717041,4350221,IRFC.NS
2021-12-15,23.450000762939453,23.549999237060547,23.200000762939453,23.299999237060547,21.561866760253906,4861713,IRFC.NS
2021-12-16,23.350000381469727,23.450000762939453,22.799999237060547,23.049999237060547,21.330516815185547,9157304,IRFC.NS
2021-12-17,23.100000381469727,23.100000381469727,22.700000762939453,22.799999237060547,21.099166870117188,10293500,IRFC.NS
2021-12-20,22.75,22.75,22.450000762939453,22.5,20.82154655456543,7969017,IRFC.NS
2021-12-21,22.549999237060547,22.75,22.450000762939453,22.5,20.82154655456543,7246168,IRFC.NS
2021-12-22,22.600000381469727,22.700000762939453,22.399999618530273,22.600000381469727,20.914087295532227,7072820,IRFC.NS
2021-12-23,22.700000762939453,23.049999237060547,22.649999618530273,22.899999618530273,21.191707611083984,8518409,IRFC.NS
2021-12-24,22.850000381469727,22.850000381469727,22.450000762939453,22.549999237060547,20.867816925048828,6593200,IRFC.NS
2021-12-27,22.600000381469727,22.700000762939453,22.450000762939453,22.600000381469727,20.914087295532227,4025184,IRFC.NS
2021-12-28,22.600000381469727,22.899999618530273,22.549999237060547,22.799999237060547,21.099166870117188,4058607,IRFC.NS
2021-12-29,22.850000381469727,23.049999237060547,22.799999237060547,22.850000381469727,21.14543914794922,3573893,IRFC.NS
2021-12-30,22.899999618530273,22.950000762939453,22.75,22.799999237060547,21.099166870117188,2701320,IRFC.NS
2021-12-31,22.899999618530273,23.0,22.799999237060547,22.850000381469727,21.14543914794922,3542826,IRFC.NS
2022-01-03,22.950000762939453,23.100000381469727,22.899999618530273,23.049999237060547,21.330516815185547,6385594,IRFC.NS
2022-01-04,23.100000381469727,23.200000762939453,22.950000762939453,23.049999237060547,21.330516815185547,6402243,IRFC.NS
2022-01-05,23.049999237060547,23.100000381469727,22.700000762939453,22.850000381469727,21.14543914794922,7127303,IRFC.NS
2022-01-06,22.799999237060547,22.950000762939453,22.700000762939453,22.850000381469727,21.14543914794922,7417986,IRFC.NS
2022-01-07,23.0,23.049999237060547,22.899999618530273,22.950000762939453,21.23797607421875,5352715,IRFC.NS
2022-01-10,23.049999237060547,23.049999237060547,22.899999618530273,22.950000762939453,21.23797607421875,8226337,IRFC.NS
2022-01-11,22.950000762939453,23.200000762939453,22.850000381469727,22.950000762939453,21.23797607421875,11344815,IRFC.NS
2022-01-12,23.149999618530273,23.149999618530273,22.950000762939453,23.049999237060547,21.330516815185547,7981078,IRFC.NS
2022-01-13,23.100000381469727,23.100000381469727,22.950000762939453,23.0,21.28424644470215,6196111,IRFC.NS
2022-01-14,23.0,23.75,22.899999618530273,23.700000762939453,21.932029724121094,16831189,IRFC.NS
2022-01-17,23.950000762939453,24.25,23.799999237060547,24.049999237060547,22.255918502807617,16579585,IRFC.NS
2022-01-18,24.25,24.350000381469727,23.649999618530273,23.700000762939453,21.932029724121094,7441045,IRFC.NS
2022-01-19,23.649999618530273,23.75,23.5,23.549999237060547,21.7932186126709,5504174,IRFC.NS
2022-01-20,23.549999237060547,23.75,23.5,23.549999237060547,21.7932186126709,5622661,IRFC.NS
2022-01-21,23.5,23.850000381469727,23.25,23.299999237060547,21.561866760253906,8028725,IRFC.NS
2022-01-24,23.350000381469727,23.5,22.75,22.850000381469727,21.14543914794922,12317944,IRFC.NS
2022-01-25,22.799999237060547,23.100000381469727,22.5,23.0,21.28424644470215,6995265,IRFC.NS
2022-01-27,23.0,23.149999618530273,22.799999237060547,22.950000762939453,21.23797607421875,7169492,IRFC.NS
2022-01-28,23.049999237060547,23.299999237060547,23.0,23.049999237060547,21.330516815185547,5703163,IRFC.NS
2022-01-31,23.399999618530273,23.399999618530273,23.149999618530273,23.350000381469727,21.608139038085938,6102682,IRFC.NS
2022-02-01,23.450000762939453,23.600000381469727,23.049999237060547,23.149999618530273,21.423057556152344,10345830,IRFC.NS
2022-02-02,23.25,23.399999618530273,23.149999618530273,23.25,21.51559829711914,5780813,IRFC.NS
2022-02-03,23.25,23.350000381469727,23.149999618530273,23.200000762939453,21.469329833984375,4151889,IRFC.NS
2022-02-04,23.200000762939453,23.299999237060547,23.0,23.049999237060547,21.330516815185547,5329628,IRFC.NS
2022-02-07,23.100000381469727,23.149999618530273,23.0,23.049999237060547,21.330516815185547,5132340,IRFC.NS
2022-02-08,23.100000381469727,23.149999618530273,22.899999618530273,23.0,21.28424644470215,5051898,IRFC.NS
2022-02-09,23.049999237060547,23.149999618530273,23.0,23.049999237060547,21.330516815185547,3686570,IRFC.NS
2022-02-10,23.149999618530273,23.5,23.049999237060547,23.149999618530273,21.423057556152344,9814830,IRFC.NS
2022-02-11,23.149999618530273,23.200000762939453,22.899999618530273,22.950000762939453,21.23797607421875,7856571,IRFC.NS
2022-02-14,22.799999237060547,22.850000381469727,22.0,22.100000381469727,20.451385498046875,11887542,IRFC.NS
2022-02-15,22.350000381469727,22.549999237060547,22.100000381469727,22.5,20.82154655456543,6329315,IRFC.NS
2022-02-16,22.600000381469727,22.700000762939453,22.450000762939453,22.549999237060547,20.867816925048828,5154180,IRFC.NS
2022-02-17,22.649999618530273,22.649999618530273,22.399999618530273,22.450000762939453,20.77527618408203,2990546,IRFC.NS
2022-02-18,22.450000762939453,22.450000762939453,22.200000762939453,22.25,20.59019660949707,3970610,IRFC.NS
2022-02-21,22.100000381469727,22.200000762939453,22.0,22.049999237060547,20.405115127563477,5325454,IRFC.NS
2022-02-22,21.799999237060547,21.899999618530273,21.649999618530273,21.75,20.12749481201172,7967669,IRFC.NS
2022-02-23,21.75,22.100000381469727,21.75,22.0,20.358844757080078,13657093,IRFC.NS
2022-02-24,21.649999618530273,21.649999618530273,20.899999618530273,21.0,19.433443069458008,15562873,IRFC.NS
2022-02-25,21.149999618530273,21.649999618530273,21.149999618530273,21.5,19.89614486694336,6627144,IRFC.NS
2022-02-28,21.399999618530273,21.649999618530273,21.200000762939453,21.600000381469727,19.988683700561523,3719485,IRFC.NS
2022-03-02,21.850000381469727,21.850000381469727,21.549999237060547,21.700000762939453,20.08122444152832,4596433,IRFC.NS
2022-03-03,21.799999237060547,21.850000381469727,21.649999618530273,21.75,20.12749481201172,4153853,IRFC.NS
2022-03-04,21.700000762939453,21.700000762939453,21.450000762939453,21.549999237060547,19.942415237426758,4796578,IRFC.NS
2022-03-07,21.450000762939453,21.450000762939453,21.100000381469727,21.200000762939453,19.618526458740234,5512286,IRFC.NS
2022-03-08,21.149999618530273,21.799999237060547,21.049999237060547,21.549999237060547,19.942415237426758,8292033,IRFC.NS
2022-03-09,21.649999618530273,21.75,21.549999237060547,21.649999618530273,20.034954071044922,4997588,IRFC.NS
2022-03-10,21.899999618530273,21.950000762939453,21.700000762939453,21.799999237060547,20.173765182495117,5835297,IRFC.NS
2022-03-11,21.75,22.0,21.600000381469727,21.649999618530273,20.034954071044922,10641873,IRFC.NS
2022-03-14,21.850000381469727,22.149999618530273,21.649999618530273,22.100000381469727,20.451385498046875,7375394,IRFC.NS
2022-03-15,22.299999237060547,22.450000762939453,22.049999237060547,22.149999618530273,20.497655868530273,6846313,IRFC.NS
2022-03-16,22.25,22.350000381469727,22.100000381469727,22.25,20.59019660949707,4423308,IRFC.NS
2022-03-17,22.450000762939453,23.200000762939453,22.100000381469727,22.850000381469727,21.14543914794922,15192734,IRFC.NS
2022-03-21,23.049999237060547,23.100000381469727,22.600000381469727,22.649999618530273,20.960355758666992,6083898,IRFC.NS
2022-03-22,22.649999618530273,22.75,22.200000762939453,22.350000381469727,20.682735443115234,7366442,IRFC.NS
2022-03-23,22.350000381469727,22.600000381469727,22.25,22.350000381469727,20.682735443115234,6972424,IRFC.NS
2022-03-24,22.350000381469727,22.450000762939453,22.25,22.299999237060547,20.636465072631836,4405621,IRFC.NS
2022-03-25,22.350000381469727,22.399999618530273,22.049999237060547,22.100000381469727,20.451385498046875,5570071,IRFC.NS
2022-03-28,22.100000381469727,22.25,21.75,21.799999237060547,20.173765182495117,7159635,IRFC.NS
2022-03-29,21.850000381469727,21.899999618530273,21.549999237060547,21.549999237060547,19.942415237426758,6497792,IRFC.NS
2022-03-30,21.649999618530273,21.75,21.450000762939453,21.5,19.89614486694336,6814486,IRFC.NS
2022-03-31,21.549999237060547,21.700000762939453,21.399999618530273,21.450000762939453,19.84987449645996,8040582,IRFC.NS
2022-04-01,21.399999618530273,21.600000381469727,21.350000381469727,21.5,19.89614486694336,10607411,IRFC.NS
2022-04-04,21.600000381469727,21.850000381469727,21.549999237060547,21.649999618530273,20.034954071044922,13261803,IRFC.NS
2022-04-05,21.649999618530273,22.299999237060547,21.649999618530273,22.149999618530273,20.497655868530273,8377562,IRFC.NS
2022-04-06,22.049999237060547,22.299999237060547,22.0,22.100000381469727,20.451385498046875,6691801,IRFC.NS
2022-04-07,22.200000762939453,22.350000381469727,22.149999618530273,22.299999237060547,20.636465072631836,6164467,IRFC.NS
2022-04-08,22.399999618530273,22.600000381469727,22.350000381469727,22.5,20.82154655456543,5812243,IRFC.NS
2022-04-11,22.600000381469727,22.649999618530273,22.399999618530273,22.5,20.82154655456543,5636321,IRFC.NS
2022-04-12,22.399999618530273,22.450000762939453,22.100000381469727,22.25,20.59019660949707,5415858,IRFC.NS
2022-04-13,22.25,22.399999618530273,22.149999618530273,22.25,20.59019660949707,4063739,IRFC.NS
2022-04-18,22.25,22.299999237060547,21.899999618530273,22.0,20.358844757080078,4439796,IRFC.NS
2022-04-19,22.100000381469727,22.399999618530273,21.899999618530273,22.0,20.358844757080078,8634544,IRFC.NS
2022-04-20,22.049999237060547,22.200000762939453,21.950000762939453,22.0,20.358844757080078,4610776,IRFC.NS
2022-04-21,22.100000381469727,22.25,22.049999237060547,22.049999237060547,20.405115127563477,5046345,IRFC.NS
2022-04-22,22.0,22.649999618530273,21.950000762939453,22.399999618530273,20.729005813598633,13593912,IRFC.NS
2022-04-25,22.399999618530273,22.450000762939453,22.149999618530273,22.299999237060547,20.636465072631836,6980246,IRFC.NS
2022-04-26,22.299999237060547,22.399999618530273,22.25,22.299999237060547,20.636465072631836,4007088,IRFC.NS
2022-04-27,22.200000762939453,22.399999618530273,22.149999618530273,22.350000381469727,20.682735443115234,6440370,IRFC.NS
2022-04-28,22.450000762939453,22.5,22.200000762939453,22.399999618530273,20.729005813598633,5196942,IRFC.NS
2022-04-29,22.399999618530273,22.649999618530273,22.200000762939453,22.299999237060547,20.636465072631836,5980303,IRFC.NS
2022-05-02,22.25,22.299999237060547,22.149999618530273,22.25,20.59019660949707,5574697,IRFC.NS
2022-05-04,22.25,22.350000381469727,22.0,22.0,20.358844757080078,5020823,IRFC.NS
2022-05-05,22.100000381469727,22.200000762939453,22.0,22.049999237060547,20.405115127563477,4973251,IRFC.NS
2022-05-06,21.850000381469727,22.0,21.649999618530273,21.700000762939453,20.08122444152832,4008872,IRFC.NS
2022-05-09,21.700000762939453,21.75,21.450000762939453,21.700000762939453,20.08122444152832,4374681,IRFC.NS
2022-05-10,21.799999237060547,21.850000381469727,21.450000762939453,21.450000762939453,19.84987449645996,6627695,IRFC.NS
2022-05-11,21.5,21.549999237060547,21.200000762939453,21.399999618530273,19.803604125976562,5823704,IRFC.NS
2022-05-12,21.399999618530273,21.399999618530273,21.100000381469727,21.149999618530273,19.572254180908203,6472563,IRFC.NS
2022-05-13,21.25,21.350000381469727,21.25,21.299999237060547,19.711063385009766,3492615,IRFC.NS
2022-05-16,21.350000381469727,21.899999618530273,21.25,21.350000381469727,19.757333755493164,6334547,IRFC.NS
2022-05-17,21.450000762939453,21.649999618530273,21.399999618530273,21.5,19.89614486694336,3964019,IRFC.NS
2022-05-18,21.649999618530273,21.799999237060547,21.5,21.549999237060547,19.942415237426758,3198002,IRFC.NS
2022-05-19,21.350000381469727,21.649999618530273,21.25,21.399999618530273,19.803604125976562,4268661,IRFC.NS
2022-05-20,21.600000381469727,21.950000762939453,21.450000762939453,21.5,19.89614486694336,6539615,IRFC.NS
2022-05-23,21.700000762939453,21.75,21.350000381469727,21.399999618530273,19.803604125976562,4715492,IRFC.NS
2022-05-24,21.5,21.700000762939453,21.299999237060547,21.549999237060547,19.942415237426758,3822900,IRFC.NS
2022-05-25,21.700000762939453,21.700000762939453,21.25,21.299999237060547,19.711063385009766,3077016,IRFC.NS
2022-05-26,21.299999237060547,21.399999618530273,21.100000381469727,21.25,19.664793014526367,3482555,IRFC.NS
2022-05-27,21.299999237060547,21.450000762939453,21.0,21.200000762939453,19.618526458740234,4756468,IRFC.NS
2022-05-30,21.25,21.350000381469727,21.200000762939453,21.25,19.664793014526367,3085932,IRFC.NS
2022-05-31,21.25,21.299999237060547,21.200000762939453,21.200000762939453,19.618526458740234,2753514,IRFC.NS
2022-06-01,21.299999237060547,21.350000381469727,21.200000762939453,21.25,19.664793014526367,4618347,IRFC.NS
2022-06-02,21.25,21.5,21.200000762939453,21.450000762939453,19.84987449645996,2687254,IRFC.NS
2022-06-03,21.5,21.549999237060547,21.350000381469727,21.399999618530273,19.803604125976562,2376146,IRFC.NS
2022-06-06,21.399999618530273,21.399999618530273,21.200000762939453,21.25,19.664793014526367,3058575,IRFC.NS
2022-06-07,21.25,21.299999237060547,21.149999618530273,21.25,19.664793014526367,5467984,IRFC.NS
2022-06-08,21.25,21.299999237060547,21.200000762939453,21.25,19.664793014526367,1632520,IRFC.NS
2022-06-09,21.200000762939453,21.25,21.149999618530273,21.200000762939453,19.618526458740234,1638001,IRFC.NS
2022-06-10,21.149999618530273,21.200000762939453,21.100000381469727,21.149999618530273,19.572254180908203,1628912,IRFC.NS
2022-06-13,21.100000381469727,21.100000381469727,20.75,20.799999237060547,19.248361587524414,6978917,IRFC.NS
2022-06-14,20.75,20.899999618530273,20.700000762939453,20.75,19.20209312438965,4484916,IRFC.NS
2022-06-15,20.75,20.799999237060547,20.700000762939453,20.75,19.20209312438965,3060444,IRFC.NS
2022-06-16,20.799999237060547,20.799999237060547,20.0,20.200000762939453,18.69312286376953,7871297,IRFC.NS
2022-06-17,20.100000381469727,20.100000381469727,19.75,19.799999237060547,18.322959899902344,6562891,IRFC.NS
2022-06-20,19.799999237060547,19.850000381469727,19.299999237060547,19.5,18.045339584350586,4780572,IRFC.NS
2022-06-21,19.649999618530273,20.0,19.5,19.950000762939453,18.46177101135254,3006661,IRFC.NS
2022-06-22,19.950000762939453,20.049999237060547,19.850000381469727,19.899999618530273,18.41550064086914,2309521,IRFC.NS
2022-06-23,19.799999237060547,20.0,19.75,19.850000381469727,18.369232177734375,2903295,IRFC.NS
2022-06-24,19.850000381469727,19.899999618530273,19.700000762939453,19.75,18.276689529418945,3141275,IRFC.NS
2022-06-27,19.850000381469727,19.899999618530273,19.700000762939453,19.75,18.276689529418945,3435302,IRFC.NS
2022-06-28,19.799999237060547,19.799999237060547,19.549999237060547,19.649999618530273,18.18415069580078,3878945,IRFC.NS
2022-06-29,19.549999237060547,19.75,19.450000762939453,19.649999618530273,18.18415069580078,2911052,IRFC.NS
2022-06-30,19.649999618530273,19.700000762939453,19.549999237060547,19.649999618530273,18.18415069580078,2829852,IRFC.NS
2022-07-01,19.700000762939453,20.049999237060547,19.600000381469727,19.950000762939453,18.46177101135254,2510750,IRFC.NS
2022-07-04,20.100000381469727,20.100000381469727,19.649999618530273,19.75,18.276689529418945,4764980,IRFC.NS
2022-07-05,19.850000381469727,20.0,19.799999237060547,19.899999618530273,18.41550064086914,2172288,IRFC.NS
2022-07-06,19.950000762939453,20.0,19.850000381469727,19.950000762939453,18.46177101135254,3057654,IRFC.NS
2022-07-07,20.0,20.100000381469727,19.899999618530273,19.950000762939453,18.46177101135254,2256307,IRFC.NS
2022-07-08,20.0,20.100000381469727,19.950000762939453,19.950000762939453,18.46177101135254,2821482,IRFC.NS
2022-07-11,19.950000762939453,20.25,19.899999618530273,20.149999618530273,18.646852493286133,2136231,IRFC.NS
2022-07-12,20.149999618530273,20.399999618530273,20.049999237060547,20.200000762939453,18.69312286376953,2131019,IRFC.NS
2022-07-13,20.299999237060547,20.299999237060547,20.049999237060547,20.100000381469727,18.600582122802734,1711397,IRFC.NS
2022-07-14,20.049999237060547,20.100000381469727,19.950000762939453,20.0,18.508041381835938,2438490,IRFC.NS
2022-07-15,20.049999237060547,20.200000762939453,19.950000762939453,20.100000381469727,18.600582122802734,3888758,IRFC.NS
2022-07-18,20.100000381469727,20.299999237060547,20.100000381469727,20.25,18.739391326904297,1920084,IRFC.NS
2022-07-19,20.25,20.5,20.200000762939453,20.450000762939453,18.92447280883789,1733146,IRFC.NS
2022-07-20,20.399999618530273,20.75,20.399999618530273,20.649999618530273,19.10955238342285,2638431,IRFC.NS
2022-07-21,20.649999618530273,20.649999618530273,20.549999237060547,20.549999237060547,19.017011642456055,1861097,IRFC.NS
2022-07-22,20.600000381469727,20.950000762939453,20.549999237060547,20.75,19.20209312438965,2691375,IRFC.NS
2022-07-25,20.75,20.799999237060547,20.450000762939453,20.549999237060547,19.017011642456055,2621417,IRFC.NS
2022-07-26,20.5,20.549999237060547,20.399999618530273,20.399999618530273,18.87820053100586,1044496,IRFC.NS
2022-07-27,20.399999618530273,20.399999618530273,20.25,20.299999237060547,18.785659790039062,1357707,IRFC.NS
2022-07-28,20.399999618530273,20.5,20.350000381469727,20.399999618530273,18.87820053100586,1509341,IRFC.NS
2022-07-29,20.450000762939453,20.700000762939453,20.450000762939453,20.600000381469727,19.063282012939453,2688899,IRFC.NS
2022-08-01,20.700000762939453,21.350000381469727,20.549999237060547,20.950000762939453,19.38717269897461,5196431,IRFC.NS
2022-08-02,21.0,21.399999618530273,20.950000762939453,21.25,19.664793014526367,3465913,IRFC.NS
2022-08-03,21.299999237060547,21.5,21.25,21.299999237060547,19.711063385009766,3404410,IRFC.NS
2022-08-04,21.450000762939453,21.649999618530273,21.149999618530273,21.299999237060547,19.711063385009766,5179908,IRFC.NS
2022-08-05,21.299999237060547,21.450000762939453,21.200000762939453,21.25,19.664793014526367,2668174,IRFC.NS
2022-08-08,21.25,21.450000762939453,21.200000762939453,21.350000381469727,19.757333755493164,2242450,IRFC.NS
2022-08-10,21.399999618530273,21.600000381469727,21.25,21.350000381469727,19.757333755493164,3695871,IRFC.NS
2022-08-11,21.5,21.600000381469727,21.149999618530273,21.200000762939453,19.618526458740234,3384528,IRFC.NS
2022-08-12,21.200000762939453,21.450000762939453,21.100000381469727,21.350000381469727,19.757333755493164,3140348,IRFC.NS
2022-08-16,21.399999618530273,21.450000762939453,21.25,21.350000381469727,19.757333755493164,3285567,IRFC.NS
2022-08-17,21.350000381469727,21.450000762939453,21.299999237060547,21.350000381469727,19.757333755493164,2817475,IRFC.NS
2022-08-18,21.299999237060547,21.549999237060547,21.25,21.399999618530273,19.803604125976562,3367337,IRFC.NS
2022-08-19,21.399999618530273,21.549999237060547,21.25,21.25,19.664793014526367,3208472,IRFC.NS
2022-08-22,21.299999237060547,21.299999237060547,20.899999618530273,20.950000762939453,19.38717269897461,2995773,IRFC.NS
2022-08-23,20.850000381469727,21.149999618530273,20.799999237060547,20.950000762939453,19.38717269897461,2215625,IRFC.NS
2022-08-24,20.950000762939453,21.100000381469727,20.899999618530273,21.049999237060547,19.479711532592773,5540331,IRFC.NS
2022-08-25,21.049999237060547,21.350000381469727,21.049999237060547,21.100000381469727,19.525983810424805,2519955,IRFC.NS
2022-08-26,21.25,21.5,21.200000762939453,21.25,19.664793014526367,4050990,IRFC.NS
2022-08-29,21.100000381469727,21.5,20.950000762939453,21.350000381469727,19.757333755493164,3976760,IRFC.NS
2022-08-30,21.5,21.5,21.350000381469727,21.399999618530273,19.803604125976562,2987602,IRFC.NS
2022-09-01,21.350000381469727,21.950000762939453,21.299999237060547,21.700000762939453,20.08122444152832,7092597,IRFC.NS
2022-09-02,21.799999237060547,22.0,21.600000381469727,21.950000762939453,20.31257438659668,7214311,IRFC.NS
2022-09-05,22.100000381469727,22.200000762939453,21.899999618530273,22.100000381469727,20.451385498046875,5413152,IRFC.NS
2022-09-06,22.149999618530273,22.5,22.100000381469727,22.399999618530273,20.729005813598633,7029366,IRFC.NS
2022-09-07,22.25,22.799999237060547,22.25,22.75,21.05289649963379,11453837,IRFC.NS
2022-09-08,22.850000381469727,23.0,22.700000762939453,22.75,21.05289649963379,8544734,IRFC.NS
2022-09-09,22.799999237060547,22.950000762939453,22.549999237060547,22.850000381469727,21.14543914794922,7536327,IRFC.NS
2022-09-12,22.850000381469727,23.049999237060547,22.600000381469727,22.950000762939453,21.23797607421875,11931156,IRFC.NS
2022-09-13,23.0,23.149999618530273,22.899999618530273,23.100000381469727,21.376787185668945,11480792,IRFC.NS
2022-09-14,22.850000381469727,22.950000762939453,22.799999237060547,22.850000381469727,21.14543914794922,4983940,IRFC.NS
2022-09-15,22.5,22.549999237060547,22.25,22.299999237060547,21.221569061279297,5293333,IRFC.NS
2022-09-16,22.100000381469727,22.25,21.799999237060547,22.0,20.936077117919922,7621644,IRFC.NS
2022-09-19,21.899999618530273,21.899999618530273,21.549999237060547,21.600000381469727,20.555419921875,4090063,IRFC.NS
2022-09-20,21.600000381469727,21.799999237060547,21.549999237060547,21.649999618530273,20.603002548217773,2769912,IRFC.NS
2022-09-21,21.649999618530273,21.850000381469727,21.399999618530273,21.5,20.46025848388672,5095250,IRFC.NS
2022-09-22,21.5,21.549999237060547,21.299999237060547,21.450000762939453,20.412675857543945,3121582,IRFC.NS
2022-09-23,21.5,21.5,21.25,21.299999237060547,20.269927978515625,3349284,IRFC.NS
2022-09-26,21.25,21.25,20.799999237060547,20.899999618530273,19.889272689819336,6258183,IRFC.NS
2022-09-27,21.049999237060547,21.299999237060547,20.899999618530273,21.149999618530273,20.12718391418457,4591378,IRFC.NS
2022-09-28,21.799999237060547,21.799999237060547,21.049999237060547,21.25,20.222347259521484,6152889,IRFC.NS
2022-09-29,21.399999618530273,21.450000762939453,21.25,21.350000381469727,20.3175106048584,2861215,IRFC.NS
2022-09-30,21.350000381469727,21.450000762939453,21.149999618530273,21.25,20.222347259521484,3226644,IRFC.NS
2022-10-03,21.200000762939453,21.350000381469727,21.149999618530273,21.25,20.222347259521484,3531770,IRFC.NS
2022-10-04,21.299999237060547,21.450000762939453,21.299999237060547,21.350000381469727,20.3175106048584,2654820,IRFC.NS
2022-10-06,21.450000762939453,21.450000762939453,21.350000381469727,21.399999618530273,20.365093231201172,2409652,IRFC.NS
2022-10-07,21.350000381469727,21.399999618530273,21.25,21.350000381469727,20.3175106048584,1793061,IRFC.NS
2022-10-10,21.299999237060547,21.549999237060547,21.200000762939453,21.399999618530273,20.365093231201172,5286105,IRFC.NS
2022-10-11,21.5,21.549999237060547,21.299999237060547,21.350000381469727,20.3175106048584,2507254,IRFC.NS
2022-10-12,21.450000762939453,21.5,21.350000381469727,21.350000381469727,20.3175106048584,2250705,IRFC.NS
2022-10-13,21.350000381469727,21.450000762939453,21.299999237060547,21.399999618530273,20.365093231201172,2494125,IRFC.NS
2022-10-14,21.399999618530273,21.549999237060547,21.350000381469727,21.399999618530273,20.365093231201172,2736083,IRFC.NS
2022-10-17,21.399999618530273,21.399999618530273,21.200000762939453,21.299999237060547,20.269927978515625,2903656,IRFC.NS
2022-10-18,21.350000381469727,21.450000762939453,21.25,21.399999618530273,20.365093231201172,2954018,IRFC.NS
2022-10-19,21.5,21.5,21.350000381469727,21.450000762939453,20.412675857543945,3812012,IRFC.NS
2022-10-20,21.450000762939453,21.450000762939453,21.25,21.299999237060547,20.269927978515625,2138398,IRFC.NS
2022-10-21,21.299999237060547,21.399999618530273,21.299999237060547,21.350000381469727,20.3175106048584,1874409,IRFC.NS
2022-10-24,21.700000762939453,21.700000762939453,21.5,21.600000381469727,20.555419921875,2874558,IRFC.NS
2022-10-25,21.450000762939453,22.100000381469727,21.450000762939453,21.950000762939453,20.88849449157715,7281948,IRFC.NS
2022-10-27,22.25,22.450000762939453,22.049999237060547,22.299999237060547,21.221569061279297,6706879,IRFC.NS
2022-10-28,22.299999237060547,22.600000381469727,22.299999237060547,22.350000381469727,21.269149780273438,6390289,IRFC.NS
2022-10-31,22.5,22.899999618530273,22.399999618530273,22.649999618530273,21.554641723632812,8254434,IRFC.NS
2022-11-01,22.75,22.899999618530273,22.450000762939453,22.549999237060547,21.4594783782959,7735529,IRFC.NS
2022-11-02,22.649999618530273,22.75,22.5,22.649999618530273,21.554641723632812,5131538,IRFC.NS
2022-11-03,22.649999618530273,23.049999237060547,22.549999237060547,22.799999237060547,21.697389602661133,11765692,IRFC.NS
2022-11-04,22.950000762939453,24.100000381469727,22.899999618530273,23.700000762939453,22.553865432739258,34154707,IRFC.NS
2022-11-07,23.950000762939453,25.25,23.950000762939453,24.700000762939453,23.50550651550293,52076818,IRFC.NS
2022-11-09,25.0,25.450000762939453,24.700000762939453,25.100000381469727,23.886159896850586,38875439,IRFC.NS
2022-11-10,25.049999237060547,25.149999618530273,24.399999618530273,24.450000762939453,23.267595291137695,14954605,IRFC.NS
2022-11-11,24.950000762939453,25.100000381469727,24.299999237060547,24.5,23.315176010131836,18761662,IRFC.NS
2022-11-14,24.649999618530273,25.0,24.399999618530273,24.799999237060547,23.60066795349121,22046223,IRFC.NS
2022-11-15,24.850000381469727,25.549999237060547,24.850000381469727,25.200000762939453,23.981325149536133,35052725,IRFC.NS
2022-11-16,25.200000762939453,27.350000381469727,25.200000762939453,26.950000762939453,25.646696090698242,191610244,IRFC.NS
2022-11-17,27.25,28.700000762939453,27.149999618530273,27.899999618530273,27.36301040649414,215982024,IRFC.NS
2022-11-18,28.100000381469727,28.450000762939453,26.799999237060547,27.5,26.97071075439453,108880653,IRFC.NS
2022-11-21,27.5,28.25,26.899999618530273,28.100000381469727,27.55916404724121,77988304,IRFC.NS
2022-11-22,28.200000762939453,30.200000762939453,28.100000381469727,28.950000762939453,28.392805099487305,174086537,IRFC.NS
2022-11-23,29.0,29.450000762939453,28.299999237060547,29.25,28.687028884887695,87003661,IRFC.NS
2022-11-24,29.5,31.700000762939453,29.399999618530273,30.899999618530273,30.30527114868164,239985161,IRFC.NS
2022-11-25,31.200000762939453,32.150001525878906,31.049999237060547,31.799999237060547,31.18794822692871,151615074,IRFC.NS
2022-11-28,32.0,34.79999923706055,31.799999237060547,33.54999923706055,32.904266357421875,321464637,IRFC.NS
2022-11-29,33.900001525878906,36.29999923706055,33.79999923706055,35.29999923706055,34.620582580566406,347649114,IRFC.NS
2022-11-30,36.099998474121094,37.099998474121094,32.5,32.79999923706055,32.168701171875,356366103,IRFC.NS
2022-12-01,33.20000076293945,34.650001525878906,32.54999923706055,34.20000076293945,33.54175567626953,198522937,IRFC.NS
2022-12-02,34.70000076293945,34.75,33.900001525878906,34.5,33.83598327636719,100345607,IRFC.NS
2022-12-05,34.70000076293945,34.70000076293945,33.45000076293945,33.650001525878906,33.00234603881836,71585440,IRFC.NS
2022-12-06,33.25,33.650001525878906,32.04999923706055,33.0,32.3648567199707,107014786,IRFC.NS
2022-12-07,33.150001525878906,33.650001525878906,32.70000076293945,33.04999923706055,32.41389083862305,70789132,IRFC.NS
2022-12-08,33.25,33.29999923706055,31.950000762939453,32.20000076293945,31.580251693725586,55312942,IRFC.NS
2022-12-09,32.20000076293945,32.5,30.600000381469727,31.049999237060547,30.452383041381836,65342359,IRFC.NS
2022-12-12,31.0,33.95000076293945,30.25,33.400001525878906,32.75715637207031,142467203,IRFC.NS
2022-12-13,33.95000076293945,34.70000076293945,33.599998474121094,33.79999923706055,33.14945602416992,105835589,IRFC.NS
2022-12-14,34.0,34.099998474121094,32.79999923706055,33.95000076293945,33.29656982421875,64653991,IRFC.NS
2022-12-15,33.70000076293945,33.849998474121094,32.75,32.900001525878906,32.26677703857422,46565124,IRFC.NS
2022-12-16,32.29999923706055,32.75,31.549999237060547,32.099998474121094,31.482173919677734,43591915,IRFC.NS
2022-12-19,32.29999923706055,33.25,32.20000076293945,32.849998474121094,32.21773910522461,38418582,IRFC.NS
2022-12-20,32.95000076293945,35.900001525878906,32.599998474121094,35.650001525878906,34.96385192871094,181272162,IRFC.NS
2022-12-21,36.20000076293945,36.5,30.899999618530273,32.29999923706055,31.67832374572754,192467386,IRFC.NS
2022-12-22,33.0,33.400001525878906,31.0,31.25,30.648536682128906,99443583,IRFC.NS
2022-12-23,30.950000762939453,30.950000762939453,27.549999237060547,27.850000381469727,27.313974380493164,122876842,IRFC.NS
2022-12-26,28.25,30.799999237060547,27.850000381469727,30.350000381469727,29.765857696533203,136601051,IRFC.NS
2022-12-27,31.299999237060547,32.400001525878906,31.049999237060547,32.099998474121094,31.482173919677734,89075438,IRFC.NS
2022-12-28,32.150001525878906,33.20000076293945,31.549999237060547,32.5,31.87447738647461,104597559,IRFC.NS
2022-12-29,32.0,33.20000076293945,31.700000762939453,32.70000076293945,32.07062911987305,87697856,IRFC.NS
2022-12-30,33.099998474121094,33.25,32.349998474121094,32.54999923706055,31.923513412475586,42178363,IRFC.NS
2023-01-02,32.70000076293945,33.349998474121094,32.5,32.900001525878906,32.26677703857422,40172355,IRFC.NS
2023-01-03,33.0,34.150001525878906,32.900001525878906,33.849998474121094,33.19849395751953,84881999,IRFC.NS
2023-01-04,34.04999923706055,34.599998474121094,33.0,33.25,32.610042572021484,75920751,IRFC.NS
2023-01-05,33.45000076293945,33.650001525878906,32.20000076293945,32.75,32.11966323852539,45698294,IRFC.NS
2023-01-06,32.95000076293945,33.099998474121094,32.349998474121094,32.70000076293945,32.07062911987305,27818130,IRFC.NS
2023-01-09,33.04999923706055,33.349998474121094,32.54999923706055,32.70000076293945,32.07062911987305,28648565,IRFC.NS
2023-01-10,32.849998474121094,32.900001525878906,32.04999923706055,32.150001525878906,31.531213760375977,22376324,IRFC.NS
2023-01-11,32.20000076293945,32.599998474121094,31.700000762939453,32.150001525878906,31.531213760375977,25187049,IRFC.NS
2023-01-12,32.29999923706055,32.900001525878906,32.0,32.75,32.11966323852539,41148274,IRFC.NS
2023-01-13,32.79999923706055,34.25,32.70000076293945,33.95000076293945,33.29656982421875,75271636,IRFC.NS
2023-01-16,34.0,34.0,33.0,33.150001525878906,32.511966705322266,43209016,IRFC.NS
2023-01-17,33.04999923706055,33.150001525878906,32.45000076293945,32.70000076293945,32.07062911987305,23809717,IRFC.NS
2023-01-18,32.900001525878906,33.400001525878906,32.79999923706055,33.04999923706055,32.41389083862305,26275227,IRFC.NS
2023-01-19,32.79999923706055,33.599998474121094,32.45000076293945,33.150001525878906,32.511966705322266,43947894,IRFC.NS
2023-01-20,33.150001525878906,34.150001525878906,32.95000076293945,33.099998474121094,32.462928771972656,37966558,IRFC.NS
2023-01-23,33.400001525878906,33.650001525878906,32.650001525878906,32.849998474121094,32.21773910522461,47560769,IRFC.NS
2023-01-24,32.900001525878906,33.349998474121094,32.400001525878906,32.599998474121094,31.972551345825195,34050557,IRFC.NS
2023-01-25,32.599998474121094,32.849998474121094,31.75,31.950000762939453,31.335063934326172,29120299,IRFC.NS
2023-01-27,32.150001525878906,32.29999923706055,30.450000762939453,31.299999237060547,30.697572708129883,34619490,IRFC.NS
2023-01-30,30.049999237060547,31.700000762939453,30.049999237060547,31.200000762939453,30.599498748779297,37227440,IRFC.NS
2023-01-31,31.549999237060547,33.25,31.399999618530273,33.04999923706055,32.41389083862305,35809352,IRFC.NS
2023-02-01,33.849998474121094,34.150001525878906,30.799999237060547,31.5,30.893722534179688,78444937,IRFC.NS
2023-02-02,31.5,32.45000076293945,31.25,31.549999237060547,30.942760467529297,24517707,IRFC.NS
2023-02-03,31.899999618530273,32.099998474121094,30.850000381469727,31.149999618530273,30.550458908081055,28559269,IRFC.NS
2023-02-06,31.549999237060547,31.549999237060547,30.049999237060547,30.200000762939453,29.618743896484375,30328389,IRFC.NS
2023-02-07,30.399999618530273,30.649999618530273,29.700000762939453,29.899999618530273,29.32451820373535,25692419,IRFC.NS
2023-02-08,30.100000381469727,30.799999237060547,29.549999237060547,30.350000381469727,29.765857696533203,29213321,IRFC.NS
2023-02-09,30.25,30.350000381469727,29.799999237060547,30.100000381469727,29.52066993713379,12967212,IRFC.NS
2023-02-10,29.950000762939453,30.399999618530273,29.850000381469727,30.100000381469727,29.52066993713379,12718144,IRFC.NS
2023-02-13,30.200000762939453,30.450000762939453,29.75,29.950000762939453,29.373558044433594,16476556,IRFC.NS
2023-02-14,29.799999237060547,29.850000381469727,29.0,29.149999618530273,28.588953018188477,23057839,IRFC.NS
2023-02-15,29.0,30.100000381469727,28.799999237060547,29.799999237060547,29.226442337036133,108461456,IRFC.NS
2023-02-16,29.600000381469727,29.950000762939453,28.799999237060547,28.950000762939453,28.392805099487305,37728708,IRFC.NS
2023-02-17,28.899999618530273,29.200000762939453,28.649999618530273,28.75,28.196651458740234,17614414,IRFC.NS
2023-02-20,28.950000762939453,29.0,28.200000762939453,28.5,27.95146369934082,13475222,IRFC.NS
2023-02-21,28.299999237060547,28.600000381469727,28.149999618530273,28.25,27.706275939941406,11287304,IRFC.NS
2023-02-22,28.200000762939453,28.200000762939453,27.799999237060547,27.899999618530273,27.36301040649414,14410318,IRFC.NS
2023-02-23,27.799999237060547,28.399999618530273,27.649999618530273,27.75,27.215898513793945,17475738,IRFC.NS
2023-02-24,27.950000762939453,28.25,27.799999237060547,27.850000381469727,27.313974380493164,10402222,IRFC.NS
2023-02-27,28.100000381469727,28.149999618530273,27.0,27.100000381469727,26.57840919494629,14416765,IRFC.NS
2023-02-28,27.25,27.5,26.799999237060547,26.950000762939453,26.431299209594727,16207572,IRFC.NS
2023-03-01,26.950000762939453,28.200000762939453,26.899999618530273,27.299999237060547,26.774560928344727,27761685,IRFC.NS
2023-03-02,27.450000762939453,29.5,27.350000381469727,28.5,27.95146369934082,74972504,IRFC.NS
2023-03-03,28.799999237060547,29.0,27.799999237060547,28.200000762939453,27.657238006591797,31886865,IRFC.NS
2023-03-06,28.450000762939453,29.200000762939453,28.100000381469727,28.200000762939453,27.657238006591797,24034894,IRFC.NS
2023-03-08,28.200000762939453,28.299999237060547,27.899999618530273,28.049999237060547,27.51012420654297,16951705,IRFC.NS
2023-03-09,28.100000381469727,28.75,27.75,27.850000381469727,27.313974380493164,29457034,IRFC.NS
2023-03-10,27.700000762939453,28.200000762939453,27.549999237060547,28.0,27.461088180541992,18602384,IRFC.NS
2023-03-13,28.149999618530273,28.200000762939453,27.25,27.399999618530273,26.872634887695312,16451332,IRFC.NS
2023-03-14,27.600000381469727,27.649999618530273,26.850000381469727,27.100000381469727,26.57840919494629,17256430,IRFC.NS
2023-03-15,27.399999618530273,27.600000381469727,26.850000381469727,27.0,26.480335235595703,10378460,IRFC.NS
2023-03-16,27.0,27.25,26.399999618530273,27.049999237060547,26.52937126159668,16145407,IRFC.NS
2023-03-17,27.25,27.5,26.850000381469727,27.0,26.480335235595703,14474482,IRFC.NS
2023-03-20,26.950000762939453,26.950000762939453,26.5,26.700000762939453,26.18610954284668,12817483,IRFC.NS
2023-03-21,26.899999618530273,26.950000762939453,26.75,26.799999237060547,26.284183502197266,8231139,IRFC.NS
2023-03-22,26.950000762939453,27.25,26.850000381469727,26.950000762939453,26.431299209594727,9524521,IRFC.NS
2023-03-23,26.899999618530273,27.049999237060547,26.700000762939453,26.799999237060547,26.284183502197266,9750086,IRFC.NS
2023-03-24,26.899999618530273,26.950000762939453,26.450000762939453,26.549999237060547,26.03899383544922,9405435,IRFC.NS
2023-03-27,26.600000381469727,26.899999618530273,25.75,25.899999618530273,25.401504516601562,14682995,IRFC.NS
2023-03-28,26.0,26.0,25.399999618530273,25.5,25.009204864501953,10179329,IRFC.NS
2023-03-29,25.5,26.5,25.5,26.350000381469727,25.842845916748047,15458843,IRFC.NS
2023-03-31,26.5,27.299999237060547,26.450000762939453,26.600000381469727,26.088031768798828,17209537,IRFC.NS
2023-04-03,26.850000381469727,28.0,26.700000762939453,27.799999237060547,27.264936447143555,27498143,IRFC.NS
2023-04-05,28.0,28.149999618530273,27.25,27.399999618530273,26.872634887695312,16069321,IRFC.NS
2023-04-06,27.350000381469727,27.700000762939453,27.200000762939453,27.450000762939453,26.921674728393555,12059313,IRFC.NS
2023-04-10,27.600000381469727,27.950000762939453,27.399999618530273,27.549999237060547,27.019746780395508,13598478,IRFC.NS
2023-04-11,27.600000381469727,27.899999618530273,27.549999237060547,27.600000381469727,27.068788528442383,10351890,IRFC.NS
2023-04-12,27.649999618530273,27.75,27.25,27.350000381469727,26.823598861694336,10628633,IRFC.NS
2023-04-13,27.399999618530273,28.0,27.350000381469727,27.5,26.97071075439453,12152354,IRFC.NS
2023-04-17,27.5,27.649999618530273,27.25,27.549999237060547,27.019746780395508,10152996,IRFC.NS
2023-04-18,27.549999237060547,28.649999618530273,27.5,28.25,27.706275939941406,29141937,IRFC.NS
2023-04-19,28.25,28.549999237060547,27.75,27.850000381469727,27.313974380493164,12802470,IRFC.NS
2023-04-20,27.950000762939453,28.350000381469727,27.799999237060547,28.200000762939453,27.657238006591797,21180929,IRFC.NS
2023-04-21,28.299999237060547,28.549999237060547,27.899999618530273,28.049999237060547,27.51012420654297,15543321,IRFC.NS
2023-04-24,28.100000381469727,30.0,27.950000762939453,29.549999237060547,28.98125457763672,114914226,IRFC.NS
2023-04-25,29.850000381469727,31.200000762939453,29.350000381469727,30.799999237060547,30.207195281982422,165437101,IRFC.NS
2023-04-26,31.049999237060547,31.600000381469727,30.049999237060547,30.25,29.667781829833984,124814428,IRFC.NS
2023-04-27,30.25,32.5,29.899999618530273,31.450000762939453,30.84468650817871,235048732,IRFC.NS
2023-04-28,31.700000762939453,32.349998474121094,31.5,31.75,31.138912200927734,94569856,IRFC.NS
2023-05-02,32.29999923706055,33.95000076293945,32.20000076293945,33.54999923706055,32.904266357421875,204453588,IRFC.NS
2023-05-03,33.70000076293945,36.04999923706055,33.54999923706055,35.45000076293945,34.767696380615234,343151755,IRFC.NS
2023-05-04,36.04999923706055,37.400001525878906,34.0,34.20000076293945,33.54175567626953,275121738,IRFC.NS
2023-05-05,34.45000076293945,35.349998474121094,34.099998474121094,34.849998474121094,34.17924499511719,207483533,IRFC.NS
2023-05-08,35.25,36.04999923706055,34.70000076293945,34.849998474121094,34.17924499511719,158914127,IRFC.NS
2023-05-09,35.25,35.54999923706055,32.70000076293945,32.900001525878906,32.26677703857422,126905423,IRFC.NS
2023-05-10,32.900001525878906,33.5,31.899999618530273,32.849998474121094,32.21773910522461,94417242,IRFC.NS
2023-05-11,33.400001525878906,34.349998474121094,33.20000076293945,33.70000076293945,33.05138397216797,137743556,IRFC.NS
2023-05-12,33.75,33.95000076293945,33.04999923706055,33.349998474121094,32.70811462402344,54099932,IRFC.NS
2023-05-15,33.599998474121094,33.95000076293945,33.04999923706055,33.45000076293945,32.806190490722656,48801180,IRFC.NS
2023-05-16,33.650001525878906,33.95000076293945,33.400001525878906,33.54999923706055,32.904266357421875,50104989,IRFC.NS
2023-05-17,33.650001525878906,34.650001525878906,33.599998474121094,34.0,33.34560775756836,87773958,IRFC.NS
2023-05-18,34.400001525878906,34.650001525878906,33.70000076293945,33.900001525878906,33.24753189086914,43139793,IRFC.NS
2023-05-19,34.099998474121094,34.25,33.04999923706055,33.5,32.855228424072266,38623945,IRFC.NS
2023-05-22,33.54999923706055,33.70000076293945,33.150001525878906,33.349998474121094,32.70811462402344,39038713,IRFC.NS
2023-05-23,33.400001525878906,33.75,33.25,33.349998474121094,32.70811462402344,26334035,IRFC.NS
2023-05-24,33.25,34.29999923706055,33.150001525878906,33.849998474121094,33.19849395751953,49417869,IRFC.NS
2023-05-25,33.900001525878906,34.150001525878906,31.649999618530273,32.0,31.38409996032715,78918846,IRFC.NS
2023-05-26,32.0,32.25,31.200000762939453,31.899999618530273,31.28602409362793,52280306,IRFC.NS
2023-05-29,32.25,32.599998474121094,32.0,32.45000076293945,31.825441360473633,38342982,IRFC.NS
2023-05-30,31.899999618530273,32.25,31.799999237060547,32.0,31.38409996032715,30754089,IRFC.NS
2023-05-31,32.0,32.29999923706055,31.799999237060547,32.20000076293945,31.580251693725586,25341934,IRFC.NS
2023-06-01,32.25,32.45000076293945,32.0,32.150001525878906,31.531213760375977,20794791,IRFC.NS
2023-06-02,32.29999923706055,32.400001525878906,31.899999618530273,32.0,31.38409996032715,18155919,IRFC.NS
2023-06-05,32.04999923706055,32.150001525878906,31.75,31.799999237060547,31.18794822692871,23679377,IRFC.NS
2023-06-06,31.850000381469727,32.5,31.799999237060547,32.29999923706055,31.67832374572754,31526798,IRFC.NS
2023-06-07,32.45000076293945,34.099998474121094,32.29999923706055,33.849998474121094,33.19849395751953,99888253,IRFC.NS
2023-06-08,34.150001525878906,34.20000076293945,33.099998474121094,33.400001525878906,32.75715637207031,46914299,IRFC.NS
2023-06-09,33.54999923706055,33.599998474121094,32.95000076293945,33.150001525878906,32.511966705322266,24830925,IRFC.NS
2023-06-12,33.25,33.29999923706055,32.900001525878906,33.04999923706055,32.41389083862305,18481171,IRFC.NS
2023-06-13,33.04999923706055,33.25,32.79999923706055,33.0,32.3648567199707,16812036,IRFC.NS
2023-06-14,33.25,33.5,33.0,33.04999923706055,32.41389083862305,19489115,IRFC.NS
2023-06-15,33.04999923706055,33.20000076293945,32.75,32.849998474121094,32.21773910522461,14736948,IRFC.NS
2023-06-16,33.0,33.25,32.79999923706055,32.95000076293945,32.31581497192383,18034381,IRFC.NS
2023-06-19,33.099998474121094,33.400001525878906,32.900001525878906,33.0,32.3648567199707,23821237,IRFC.NS
2023-06-20,32.849998474121094,33.20000076293945,32.650001525878906,33.099998474121094,32.462928771972656,17410144,IRFC.NS
2023-06-21,33.29999923706055,33.54999923706055,32.900001525878906,33.04999923706055,32.41389083862305,23054775,IRFC.NS
2023-06-22,33.04999923706055,33.150001525878906,32.650001525878906,32.79999923706055,32.168701171875,14109469,IRFC.NS
2023-06-23,32.79999923706055,32.849998474121094,32.150001525878906,32.25,31.629289627075195,24307838,IRFC.NS
2023-06-26,32.29999923706055,32.79999923706055,31.950000762939453,32.349998474121094,31.72736358642578,11033301,IRFC.NS
2023-06-27,32.349998474121094,33.0,32.099998474121094,32.70000076293945,32.07062911987305,23652368,IRFC.NS
2023-06-28,32.650001525878906,32.849998474121094,32.5,32.650001525878906,32.02159118652344,9648453,IRFC.NS
2023-06-30,32.75,33.099998474121094,32.45000076293945,32.70000076293945,32.07062911987305,14373970,IRFC.NS
2023-07-03,32.849998474121094,33.0,32.70000076293945,32.75,32.11966323852539,16288496,IRFC.NS
2023-07-04,32.79999923706055,33.29999923706055,32.599998474121094,33.099998474121094,32.462928771972656,29446900,IRFC.NS
2023-07-05,33.20000076293945,34.150001525878906,33.150001525878906,33.45000076293945,32.806190490722656,41585187,IRFC.NS
2023-07-06,33.5,33.650001525878906,33.25,33.349998474121094,32.70811462402344,18663493,IRFC.NS
2023-07-07,33.29999923706055,33.5,32.900001525878906,33.099998474121094,32.462928771972656,14912804,IRFC.NS
2023-07-10,33.25,33.25,32.79999923706055,32.95000076293945,32.31581497192383,13203680,IRFC.NS
2023-07-11,32.95000076293945,33.099998474121094,32.79999923706055,32.900001525878906,32.26677703857422,13406298,IRFC.NS
2023-07-12,32.79999923706055,33.150001525878906,32.75,32.95000076293945,32.31581497192383,18276560,IRFC.NS
2023-07-13,33.04999923706055,33.099998474121094,32.400001525878906,32.54999923706055,31.923513412475586,12769558,IRFC.NS
2023-07-14,32.5,32.79999923706055,32.45000076293945,32.54999923706055,31.923513412475586,10988416,IRFC.NS
2023-07-17,32.54999923706055,32.79999923706055,32.349998474121094,32.5,31.87447738647461,17532573,IRFC.NS
2023-07-18,32.599998474121094,33.20000076293945,32.45000076293945,32.599998474121094,31.972551345825195,24480880,IRFC.NS
2023-07-19,32.70000076293945,32.95000076293945,32.54999923706055,32.849998474121094,32.21773910522461,14117155,IRFC.NS
2023-07-20,32.900001525878906,33.650001525878906,32.79999923706055,33.25,32.610042572021484,42035133,IRFC.NS
2023-07-21,33.29999923706055,35.20000076293945,33.20000076293945,34.95000076293945,34.27732467651367,172775659,IRFC.NS
2023-07-24,35.5,36.099998474121094,34.70000076293945,35.099998474121094,34.424434661865234,89931586,IRFC.NS
2023-07-25,35.150001525878906,35.20000076293945,34.29999923706055,34.45000076293945,33.78694534301758,33446144,IRFC.NS
2023-07-26,34.650001525878906,36.25,34.599998474121094,35.25,34.57154846191406,85247455,IRFC.NS
2023-07-27,35.349998474121094,35.349998474121094,34.54999923706055,34.849998474121094,34.17924499511719,37679849,IRFC.NS
2023-07-28,35.099998474121094,35.45000076293945,34.75,35.04999923706055,34.375396728515625,30923854,IRFC.NS
2023-07-31,35.5,38.54999923706055,35.150001525878906,38.20000076293945,37.46476745605469,216012818,IRFC.NS
2023-08-01,39.0,41.70000076293945,38.79999923706055,40.5,39.72050094604492,381693749,IRFC.NS
2023-08-02,40.75,41.099998474121094,38.849998474121094,39.70000076293945,38.9359016418457,159610570,IRFC.NS
2023-08-03,39.900001525878906,45.29999923706055,39.75,44.70000076293945,43.839664459228516,454943778,IRFC.NS
2023-08-04,46.79999923706055,48.29999923706055,44.5,45.04999923706055,44.182926177978516,274350314,IRFC.NS
2023-08-07,45.95000076293945,50.650001525878906,45.70000076293945,49.75,48.7924690246582,306863736,IRFC.NS
2023-08-08,51.25,52.0,49.400001525878906,50.29999923706055,49.33188247680664,303287703,IRFC.NS
2023-08-09,49.900001525878906,50.099998474121094,48.04999923706055,48.95000076293945,48.00786590576172,170874267,IRFC.NS
2023-08-10,48.95000076293945,50.29999923706055,48.849998474121094,49.45000076293945,48.49824523925781,108926518,IRFC.NS
2023-08-11,49.70000076293945,50.150001525878906,48.5,48.900001525878906,47.95882797241211,69084615,IRFC.NS
2023-08-14,48.650001525878906,51.29999923706055,44.849998474121094,50.849998474121094,49.87129592895508,240638055,IRFC.NS
2023-08-16,50.900001525878906,52.70000076293945,50.400001525878906,51.25,50.26359558105469,207500648,IRFC.NS
2023-08-17,50.0,50.0,46.70000076293945,47.650001525878906,46.732887268066406,155217100,IRFC.NS
2023-08-18,47.650001525878906,49.0,46.400001525878906,47.25,46.34058380126953,127976241,IRFC.NS
2023-08-21,48.20000076293945,48.349998474121094,47.45000076293945,47.75,46.830963134765625,74415020,IRFC.NS
2023-08-22,48.099998474121094,48.20000076293945,47.599998474121094,47.849998474121094,46.92903518676758,40881273,IRFC.NS
2023-08-23,48.0,48.150001525878906,47.599998474121094,47.75,46.830963134765625,29610934,IRFC.NS
2023-08-24,48.0,50.25,47.900001525878906,48.599998474121094,47.66460037231445,119824410,IRFC.NS
2023-08-25,48.70000076293945,49.20000076293945,48.04999923706055,48.400001525878906,47.46845245361328,36732928,IRFC.NS
2023-08-28,48.900001525878906,49.29999923706055,48.5,48.70000076293945,47.76268005371094,42444304,IRFC.NS
2023-08-29,49.04999923706055,50.849998474121094,48.95000076293945,49.5,48.547279357910156,107331968,IRFC.NS
2023-08-30,50.0,50.849998474121094,49.599998474121094,49.79999923706055,48.84150314331055,57580129,IRFC.NS
2023-08-31,50.29999923706055,50.5,49.79999923706055,50.20000076293945,49.23380661010742,37388795,IRFC.NS
2023-09-01,50.5,56.5,50.099998474121094,55.75,54.67698669433594,236065708,IRFC.NS
2023-09-04,57.70000076293945,66.9000015258789,57.150001525878906,66.69999694824219,65.41622924804688,504243805,IRFC.NS
2023-09-05,69.75,75.69999694824219,69.5,72.25,70.85941314697266,573870002,IRFC.NS
2023-09-06,73.5,74.0,67.25,68.75,67.42677307128906,203998733,IRFC.NS
2023-09-07,69.0999984741211,74.5,68.19999694824219,73.1500015258789,71.74209594726562,202538874,IRFC.NS
2023-09-08,74.69999694824219,77.94999694824219,74.6500015258789,77.0999984741211,75.6160659790039,179288780,IRFC.NS
2023-09-11,81.69999694824219,84.80000305175781,81.5,84.75,83.11882781982422,169943821,IRFC.NS
2023-09-12,91.0,92.3499984741211,77.3499984741211,82.80000305175781,81.20635986328125,395003025,IRFC.NS
2023-09-13,79.9000015258789,84.30000305175781,75.4000015258789,78.9000015258789,77.38142395019531,238578975,IRFC.NS
2023-09-14,81.0,82.0,78.75,81.25,79.68619537353516,129797195,IRFC.NS
2023-09-15,81.75,82.1500015258789,78.75,79.3499984741211,78.49906158447266,77020431,IRFC.NS
2023-09-18,79.69999694824219,79.69999694824219,76.30000305175781,76.5999984741211,75.77854919433594,73958819,IRFC.NS
2023-09-20,76.0,79.44999694824219,74.0,77.19999694824219,76.37211608886719,76414678,IRFC.NS
2023-09-21,77.19999694824219,78.25,74.0,74.44999694824219,73.65160369873047,52360179,IRFC.NS
2023-09-22,75.0,76.0999984741211,71.3499984741211,75.0999984741211,74.29463195800781,94866289,IRFC.NS
2023-09-25,76.1500015258789,78.69999694824219,74.80000305175781,76.80000305175781,75.97640991210938,85506777,IRFC.NS
2023-09-26,77.19999694824219,77.44999694824219,75.55000305175781,75.94999694824219,75.1355209350586,33138244,IRFC.NS
2023-09-27,74.8499984741211,76.69999694824219,74.8499984741211,75.4000015258789,74.59142303466797,31966561,IRFC.NS
2023-09-28,76.0,76.30000305175781,74.5,74.8499984741211,74.04731750488281,25011662,IRFC.NS
2023-09-29,75.30000305175781,77.55000305175781,74.5999984741211,76.55000305175781,75.72908782958984,39254526,IRFC.NS
2023-10-03,76.8499984741211,77.80000305175781,76.30000305175781,76.5999984741211,75.77854919433594,32681918,IRFC.NS
2023-10-04,76.44999694824219,76.5999984741211,73.80000305175781,75.05000305175781,74.24517822265625,34505676,IRFC.NS
2023-10-05,75.75,75.8499984741211,74.0,74.3499984741211,73.55268096923828,20716740,IRFC.NS
2023-10-06,74.80000305175781,76.0,73.80000305175781,74.8499984741211,74.04731750488281,27407523,IRFC.NS
2023-10-09,72.6500015258789,72.94999694824219,70.3499984741211,71.1500015258789,70.38699340820312,49805228,IRFC.NS
2023-10-10,71.4000015258789,76.25,71.3499984741211,75.6500015258789,74.83873748779297,75097719,IRFC.NS
2023-10-11,76.5999984741211,77.6500015258789,75.3499984741211,75.5999984741211,74.78927612304688,45128089,IRFC.NS
2023-10-12,76.05000305175781,76.0999984741211,74.80000305175781,75.0999984741211,74.29463195800781,21587597,IRFC.NS
2023-10-13,75.0,78.3499984741211,74.5,76.5999984741211,75.77854919433594,78755411,IRFC.NS
2023-10-16,77.19999694824219,77.25,76.19999694824219,76.30000305175781,75.48177337646484,23187941,IRFC.NS
2023-10-17,76.94999694824219,80.80000305175781,76.5999984741211,79.1500015258789,78.30120849609375,153256370,IRFC.NS
2023-10-18,79.9000015258789,80.69999694824219,77.1500015258789,77.5,76.66889953613281,60210098,IRFC.NS
2023-10-19,76.0999984741211,78.4000015258789,75.80000305175781,77.5999984741211,76.767822265625,36281928,IRFC.NS
2023-10-20,77.5999984741211,79.25,76.6500015258789,77.05000305175781,76.22372436523438,34571282,IRFC.NS
2023-10-23,77.5,77.94999694824219,72.0,72.19999694824219,71.42573547363281,59336442,IRFC.NS
2023-10-25,73.4000015258789,74.9000015258789,68.0,70.30000305175781,69.54611206054688,67364514,IRFC.NS
2023-10-26,68.9000015258789,71.4000015258789,65.75,70.19999694824219,69.44718170166016,109965024,IRFC.NS
2023-10-27,71.4000015258789,73.1500015258789,70.44999694824219,71.94999694824219,71.17841339111328,71117911,IRFC.NS
2023-10-30,72.44999694824219,73.0999984741211,69.9000015258789,72.75,71.96983337402344,44719772,IRFC.NS
2023-10-31,73.69999694824219,74.4000015258789,72.0999984741211,72.5999984741211,71.82144165039062,44614720,IRFC.NS
2023-11-01,72.94999694824219,73.4000015258789,72.5,72.94999694824219,72.16768646240234,17172572,IRFC.NS
2023-11-02,74.0,74.55000305175781,72.80000305175781,73.05000305175781,72.2666244506836,22236579,IRFC.NS
2023-11-03,72.69999694824219,73.3499984741211,71.05000305175781,72.1500015258789,71.37627410888672,35993734,IRFC.NS
2023-11-06,73.0999984741211,74.19999694824219,72.6500015258789,72.80000305175781,72.01930236816406,28925365,IRFC.NS
2023-11-07,73.25,74.30000305175781,72.80000305175781,73.05000305175781,72.2666244506836,32735491,IRFC.NS
2023-11-08,73.5,76.5,73.4000015258789,75.5999984741211,74.78927612304688,61639026,IRFC.NS
2023-11-09,76.0,76.9000015258789,74.0999984741211,74.5999984741211,73.79999542236328,35223000,IRFC.NS
2023-11-10,74.4000015258789,74.4000015258789,73.25,74.0999984741211,74.0999984741211,20115569,IRFC.NS
2023-11-13,74.5999984741211,74.6500015258789,73.55000305175781,73.6500015258789,73.6500015258789,21466105,IRFC.NS
2023-11-15,74.4000015258789,74.80000305175781,73.1500015258789,73.5,73.5,19871941,IRFC.NS
2023-11-16,73.75,73.9000015258789,73.0,73.0999984741211,73.0999984741211,15227424,IRFC.NS
2023-11-17,73.4000015258789,77.5999984741211,72.69999694824219,76.9000015258789,76.9000015258789,116818430,IRFC.NS
2023-11-20,77.4000015258789,78.5,75.80000305175781,76.0999984741211,76.0999984741211,46928842,IRFC.NS
2023-11-21,76.5,78.19999694824219,76.3499984741211,76.8499984741211,76.8499984741211,49893620,IRFC.NS
2023-11-22,77.30000305175781,78.0999984741211,75.5,76.69999694824219,76.69999694824219,35591880,IRFC.NS
2023-11-23,76.80000305175781,77.4000015258789,76.3499984741211,76.5,76.5,22783082,IRFC.NS
2023-11-24,76.8499984741211,77.5,75.9000015258789,76.0999984741211,76.0999984741211,21604709,IRFC.NS
2023-11-28,76.44999694824219,76.75,75.25,75.5999984741211,75.5999984741211,25080614,IRFC.NS
2023-11-29,76.0,76.3499984741211,75.0,75.30000305175781,75.30000305175781,14635478,IRFC.NS
2023-11-30,75.44999694824219,75.44999694824219,74.1500015258789,74.6500015258789,74.6500015258789,19003196,IRFC.NS
2023-12-01,74.94999694824219,77.25,74.80000305175781,75.4000015258789,75.4000015258789,34411168,IRFC.NS
2023-12-04,78.0,78.1500015258789,76.1500015258789,76.4000015258789,76.4000015258789,54336061,IRFC.NS
2023-12-05,77.0,77.19999694824219,75.80000305175781,76.1500015258789,76.1500015258789,28021269,IRFC.NS
2023-12-06,76.5,76.55000305175781,75.5999984741211,75.80000305175781,75.80000305175781,24145206,IRFC.NS
2023-12-07,75.0,76.6500015258789,74.5999984741211,76.05000305175781,76.05000305175781,25013914,IRFC.NS
2023-12-08,76.0999984741211,77.6500015258789,75.5999984741211,76.5999984741211,76.5999984741211,47322739,IRFC.NS
2023-12-11,77.0,83.3499984741211,76.80000305175781,82.19999694824219,82.19999694824219,268676897,IRFC.NS
2023-12-12,84.44999694824219,86.5,82.05000305175781,83.05000305175781,83.05000305175781,135491070,IRFC.NS
2023-12-13,84.0,85.4000015258789,83.0999984741211,83.5,83.5,84559239,IRFC.NS
2023-12-14,84.94999694824219,96.19999694824219,84.80000305175781,92.6500015258789,92.6500015258789,475975248,IRFC.NS
2023-12-15,95.0,100.80000305175781,94.0999984741211,94.69999694824219,94.69999694824219,325150277,IRFC.NS
2023-12-18,95.9000015258789,96.3499984741211,91.25,94.3499984741211,94.3499984741211,151821592,IRFC.NS
2023-12-19,94.94999694824219,101.5,94.5,100.0999984741211,100.0999984741211,328191530,IRFC.NS
2023-12-20,102.19999694824219,104.0999984741211,91.30000305175781,92.44999694824219,92.44999694824219,263936530,IRFC.NS
2023-12-21,90.9000015258789,99.80000305175781,87.0999984741211,98.8499984741211,98.8499984741211,280904719,IRFC.NS
2023-12-22,101.0,101.9000015258789,96.6500015258789,97.75,97.75,137646820,IRFC.NS
2023-12-26,98.5,99.30000305175781,96.55000305175781,97.4000015258789,97.4000015258789,77725407,IRFC.NS
2023-12-27,98.0,98.9000015258789,96.19999694824219,96.69999694824219,96.69999694824219,48428319,IRFC.NS
2023-12-28,97.25,98.5999984741211,96.05000305175781,96.44999694824219,96.44999694824219,59468778,IRFC.NS
2023-12-29,96.69999694824219,100.5,96.5,99.3499984741211,99.3499984741211,153201085,IRFC.NS
2024-01-01,100.0,102.4000015258789,99.4000015258789,100.4000015258789,100.4000015258789,102849848,IRFC.NS
2024-01-02,101.0,101.6500015258789,97.80000305175781,100.0,100.0,70051082,IRFC.NS
2024-01-03,100.19999694824219,101.94999694824219,99.0,100.9000015258789,100.9000015258789,96843171,IRFC.NS
2024-01-04,101.69999694824219,103.5999984741211,100.9000015258789,101.30000305175781,101.30000305175781,66810041,IRFC.NS
2024-01-05,101.94999694824219,102.44999694824219,99.9000015258789,100.75,100.75,43542157,IRFC.NS
2024-01-08,101.3499984741211,101.69999694824219,99.5999984741211,99.94999694824219,99.94999694824219,38895310,IRFC.NS
2024-01-09,100.9000015258789,102.19999694824219,99.9000015258789,100.0999984741211,100.0999984741211,44804938,IRFC.NS
2024-01-10,100.44999694824219,103.5,99.55000305175781,103.05000305175781,103.05000305175781,110316122,IRFC.NS
2024-01-11,104.69999694824219,109.30000305175781,104.25,106.8499984741211,106.8499984741211,191294222,IRFC.NS
2024-01-12,109.0,114.0,108.8499984741211,113.4000015258789,113.4000015258789,199380642,IRFC.NS
2024-01-15,113.4000015258789,113.4000015258789,113.4000015258789,113.4000015258789,113.4000015258789,0,IRFC.NS
2024-01-16,138.60000610351562,146.8000030517578,136.14999389648438,141.85000610351562,141.85000610351562,492705331,IRFC.NS
2024-01-17,138.0,150.6999969482422,133.0500030517578,149.10000610351562,149.10000610351562,336463589,IRFC.NS
2024-01-18,153.0,155.0,136.3000030517578,146.25,146.25,272134347,IRFC.NS
2024-01-19,149.5,160.85000610351562,149.1999969482422,160.25,160.25,266085180,IRFC.NS
2024-01-23,185.8000030517578,192.8000030517578,158.75,161.3000030517578,161.3000030517578,269108130,IRFC.NS
2024-01-24,165.0,173.3000030517578,151.0,171.89999389648438,171.89999389648438,198113352,IRFC.NS
2024-01-25,174.75,178.3000030517578,171.5,173.85000610351562,173.85000610351562,100074798,IRFC.NS
2024-01-29,177.3000030517578,178.3000030517578,169.3000030517578,170.85000610351562,170.85000610351562,74341987,IRFC.NS
2024-01-30,171.39999389648438,172.14999389648438,164.14999389648438,166.64999389648438,166.64999389648438,69398771,IRFC.NS
2024-01-31,167.85000610351562,176.8000030517578,166.0,175.14999389648438,175.14999389648438,84194726,IRFC.NS
2024-02-01,180.0,183.25,168.1999969482422,169.89999389648438,169.89999389648438,165894732,IRFC.NS
2024-02-02,172.6999969482422,175.0,167.10000610351562,168.9499969482422,168.9499969482422,61739734,IRFC.NS
2024-02-05,170.14999389648438,170.1999969482422,160.0,160.5500030517578,160.5500030517578,68987316,IRFC.NS
2024-02-06,161.39999389648438,164.1999969482422,152.10000610351562,160.89999389648438,160.89999389648438,81434112,IRFC.NS
2024-02-07,164.5,165.89999389648438,159.64999389648438,162.5,162.5,36816341,IRFC.NS
2024-02-08,164.39999389648438,164.39999389648438,160.6999969482422,161.9499969482422,161.9499969482422,34218693,IRFC.NS
2024-02-09,162.0,162.0,149.14999389648438,153.6999969482422,153.6999969482422,64801528,IRFC.NS
2024-02-12,150.64999389648438,151.0500030517578,130.1999969482422,132.9499969482422,132.9499969482422,128716009,IRFC.NS
2024-02-13,132.0,156.3000030517578,127.6500015258789,153.4499969482422,153.4499969482422,240631230,IRFC.NS
2024-02-14,153.39999389648438,157.39999389648438,145.5,154.3000030517578,154.3000030517578,152849830,IRFC.NS
2024-02-15,156.3000030517578,161.5,154.89999389648438,158.89999389648438,158.89999389648438,77035160,IRFC.NS
2024-02-16,159.75,161.39999389648438,155.0,155.4499969482422,155.4499969482422,41902227,IRFC.NS
2024-02-19,156.0,164.35000610351562,154.35000610351562,158.64999389648438,158.64999389648438,87423359,IRFC.NS
2024-02-20,159.64999389648438,160.75,157.14999389648438,158.5,158.5,35987220,IRFC.NS
2024-02-21,158.85000610351562,160.39999389648438,153.39999389648438,154.1999969482422,154.1999969482422,35706625,IRFC.NS
2024-02-22,154.10000610351562,155.85000610351562,149.1999969482422,152.1999969482422,152.1999969482422,39315419,IRFC.NS
2024-02-23,153.6999969482422,156.39999389648438,152.6999969482422,153.1999969482422,153.1999969482422,34425812,IRFC.NS
2024-02-26,154.3000030517578,156.39999389648438,151.75,152.3000030517578,152.3000030517578,35557532,IRFC.NS
2024-02-27,152.89999389648438,156.64999389648438,151.0,151.60000610351562,151.60000610351562,43995103,IRFC.NS
2024-02-28,152.85000610351562,153.39999389648438,145.5,147.39999389648438,147.39999389648438,39947465,IRFC.NS
2024-02-29,146.0,150.25,140.8000030517578,146.75,146.75,63490121,IRFC.NS
2024-03-01,148.0,151.39999389648438,146.5500030517578,147.39999389648438,147.39999389648438,30685800,IRFC.NS
2024-03-04,149.39999389648438,149.5,144.64999389648438,145.5500030517578,145.5500030517578,22040025,IRFC.NS
2024-03-05,144.89999389648438,148.39999389648438,143.8000030517578,145.0500030517578,145.0500030517578,23046386,IRFC.NS
2024-03-06,145.1999969482422,145.6999969482422,140.0,140.5,140.5,26188126,IRFC.NS
2024-03-07,141.35000610351562,144.39999389648438,139.64999389648438,143.6999969482422,143.6999969482422,24018294,IRFC.NS
2024-03-11,144.14999389648438,147.25,140.0500030517578,141.10000610351562,141.10000610351562,24321115,IRFC.NS
2024-03-12,141.8000030517578,142.39999389648438,135.64999389648438,136.75,136.75,34760039,IRFC.NS
2024-03-13,136.75,138.8000030517578,123.0,124.25,124.25,88853047,IRFC.NS
2024-03-14,120.9000015258789,142.5,116.6500015258789,140.25,140.25,194522257,IRFC.NS
2024-03-15,140.6999969482422,145.85000610351562,133.5,136.9499969482422,136.9499969482422,122337843,IRFC.NS
2024-03-18,138.35000610351562,139.60000610351562,132.85000610351562,134.9499969482422,134.9499969482422,56717160,IRFC.NS
2024-03-19,134.5,137.39999389648438,133.10000610351562,135.1999969482422,135.1999969482422,46347136,IRFC.NS
2024-03-20,136.1999969482422,138.1999969482422,132.85000610351562,133.1999969482422,133.1999969482422,39345072,IRFC.NS
2024-03-21,137.0,137.64999389648438,134.8000030517578,135.25,135.25,35779582,IRFC.NS
2024-03-22,135.9499969482422,145.1999969482422,135.0,140.9499969482422,140.9499969482422,112209659,IRFC.NS
2024-03-26,142.39999389648438,148.6999969482422,140.9499969482422,145.6999969482422,145.6999969482422,120887716,IRFC.NS
2024-03-27,147.5,150.9499969482422,141.60000610351562,142.85000610351562,142.85000610351562,89910843,IRFC.NS
2024-03-28,144.9499969482422,147.8000030517578,141.3000030517578,142.35000610351562,142.35000610351562,50962525,IRFC.NS
2024-04-01,145.1999969482422,146.75,143.85000610351562,144.8000030517578,144.8000030517578,47979360,IRFC.NS
2024-04-02,146.0500030517578,148.14999389648438,144.3000030517578,146.10000610351562,146.10000610351562,59236883,IRFC.NS
2024-04-03,145.0,147.8000030517578,144.5,145.3000030517578,145.3000030517578,42670072,IRFC.NS
2024-04-04,147.0,148.3000030517578,143.5,143.75,143.75,38590096,IRFC.NS
2024-04-05,144.0,149.39999389648438,142.8000030517578,147.85000610351562,147.85000610351562,81853830,IRFC.NS
2024-04-08,150.0,152.5,147.0,147.5,147.5,57797243,IRFC.NS
2024-04-09,148.5500030517578,149.35000610351562,145.60000610351562,147.1999969482422,147.1999969482422,38718449,IRFC.NS
2024-04-10,147.6999969482422,148.5500030517578,146.5,146.6999969482422,146.6999969482422,20413452,IRFC.NS
2024-04-12,146.6999969482422,147.6999969482422,145.0,145.3000030517578,145.3000030517578,27108905,IRFC.NS
2024-04-15,138.10000610351562,142.0,135.3000030517578,140.25,140.25,49605843,IRFC.NS
2024-04-16,139.8000030517578,142.60000610351562,138.10000610351562,141.6999969482422,141.6999969482422,25012121,IRFC.NS
2024-04-18,143.39999389648438,145.4499969482422,141.60000610351562,141.9499969482422,141.9499969482422,24827547,IRFC.NS
2024-04-19,140.0,142.25,137.5,141.0,141.0,28016383,IRFC.NS
2024-04-22,143.0,145.0,142.39999389648438,144.10000610351562,144.10000610351562,23609150,IRFC.NS
2024-04-23,144.75,148.1999969482422,143.60000610351562,147.75,147.75,41842082,IRFC.NS
2024-04-24,149.0,150.4499969482422,147.5,149.0,149.0,44593104,IRFC.NS
2024-04-25,149.0,152.0,147.25,150.25,150.25,43990323,IRFC.NS
2024-04-26,151.0,159.0,149.60000610351562,158.0500030517578,158.0500030517578,131170998,IRFC.NS
2024-04-29,161.5,164.1999969482422,159.60000610351562,160.89999389648438,160.89999389648438,67455723,IRFC.NS
